Workbook

Sheet read me first!
A2: data for graphs tab
A3: Updated SAV data (preliminary and/or final) should be copied into the "data for graphs" worksheet. Add the most recent year sequentially to the right, but before the % change and restoration goal columns. You may need to insert more columns.
A4: Split segments (CB1TF, ELKOH, GUNOH, SASOH, POTTF, POTOH, PAXMH, TANMH, MANMH, BIGMH) should be summed for annual acreages. They are highlighted in "data for graphs". Make sure all the data aligns.
A5: The "year_nd" columns denote whether partial data (pd) or no data (nd) was collected. This should be updated each year. If pd or nd is present, add the corresponding year to the "No or partial data?" column.
A6: If previous year's data need to updated, please make changes in the "data for graphs" worksheet.
A8: create graphs here!
A9: Once the updated data has been entered into "data for graphs", type that year in a new column to the right row 2 in "create graphs here!"
A10: Copy the formulas from rows 3 and 4 into new column. They should reference the updated data from "data for graphs" and show the most recent acreage and restoration goal for the segment in the dropdown menu.
A11: Copy the numbers from rows 6 and 7 into the new column. They should reference the 2017 and 2025 MD restoration targets.
A12: Click in the dropdown menu to create dynamic graphs for each segment. The graphs will be displayed on the "graph" tab. The total MD SAV numbers graph will displaoy on the "Total MD SAV graph" tab when you select the last selection in the drop-down menu.
A14: graph
A15: You may need to format the x axis by right clicking on axis and select data. Make sure that the most recent year is included in the x axis range.
... A23: Export this as PDF into TEA\Common\SAVGROUP\#SAV\SAV charts by segment and save as jpeg.

Sheet data for graphs
A1: CBPSEG | B1: Segment_Name | C1: Salinity | D1: Segment + Salinity | E1: Sort | F1: 1984 | G1: _1984 | H1: 1985 | I1: _1985 | J1: 1986 | K1: _1986 | L1: 1987 | M1: _1987 | N1: 1989 | O1: _1989 | P1: 1990 | Q1: _1990 | R1: 1991 | S1: _1991 | T1: 1992 | U1: _1992 | V1: 1993 | W1: _1993 | X1: 1994 | Y1: _1994 | Z1: 1995 | AA1: _1995 | AB1: 1996 | AC1: _1996 | AD1: 1997 | AE1: _1997 | AF1: 1998 | AG1: _1998 | AH1: 1999 | AI1: _1999 | AJ1: 2000 | AK1: _2000 | AL1: 2001 | AM1: _2001 | AN1: 2002 | AO1: _2002 | AP1: 2003 | AQ1: _2003 | AR1: 2004 | AS1: _2004 | AT1: 2005 | AU1: _2005 | AV1: 2006 | AW1: _2006 | AX1: 2007 | AY1: _2007 | AZ1: 2008 | BA1: _2008 | BB1: 2009 | BC1: _2009 | BD1: 2010 | BE1: _2010 | BF1: 2011 | BG1: _2011 | BH1: 2012 | BI1: _2012 | BJ1: 2013 | BK1: _2013 | BL1: 2014 | BM1: _2014 | BN1: 2015 | BO1: _2015 | BP1: 2016 | BQ1: _2016 | BR1: 2017 | BS1: _2017 | BT1: 2018 | BU1: 2018_nd | BV1: 2019 | BW1: 2019_nd | BX1: 2020 | BY1: 2020_nd | BZ1: 2021 | CA1: 2021_nd | CB1: 2022 | CC1: 2022_nd | CD1: 2023 | CE1: 2023_nd | CF1: 2024 | CG1: 2024_nd | CH1: % change | CI1: net loss/gain | CJ1: % of goal | CK1: Restoration Acreage Goal | CL1: No or partial data?
A2: CB1TF1 | B2: Northern Chesapeake Bay Segment 1 | C2: (Tidal Fresh) | D2: =CONCATENATE(B2, " ", C2) -> Northern Chesapeake Bay Segment 1 (Tidal Fresh) | E2: 1.1 | F2: 18.03903 | H2: 42.675897 | J2: 7.981653 | L2: 8.179341 | N2: 10.551597 | P2: 29.850888 | R2: 87.526362 | T2: 72.230253 | V2: 109.27204 | X2: 297.34746 | Z2: 355.1712 | AB2: 323.12104 | AD2: 351.73637 | AF2: 359.37207 | AH2: 174.97859 | AI2: pd | AJ2: 466.84021 | AL2: 571.19476 | AN2: 639.27357 | AP2: 565.11586 | AR2: 622.91489 | AT2: 742.93621 | AV2: 606.85274 | AX2: 833.82327 | AZ2: 1007.2945 | BB2: 1078.8328 | BD2: 845.95637 | BF2: 496.9135 | BH2: 460.88486 | BJ2: 567.88349 | BL2: 529.72971 | BN2: 477.41652 | BP2: 575.93928 | BR2: 516.08923 | BT2: 523.70022 | BV2: 805.89984 | BX2: 773.2319 | BZ2: 822.30795 | CB2: 785.365 | CD2: 455.21683 | CF2: 664.19353 | CH2: =(CF2-CD2)/CD2 -> 0.45907068 | CI2: =CF2-CD2 -> 208.9767 | CJ2: =CF2/CK2 -> 0.88089328 | CK2: 754 | CL2: Partial data for 1999
A3: CB1TF2 | B3: Northern Chesapeake Bay Segment 2 | C3: (Tidal Fresh) | D3: =CONCATENATE(B3, " ", C3) -> Northern Chesapeake Bay Segment 2 (Tidal Fresh) | E3: 1.2 | F3: 5362.2623 | H3: 5038.8694 | J3: 5805.0093 | L3: 5478.3546 | N3: 4805.9683 | P3: 4381.1862 | R3: 4135.2376 | T3: 4368.46 | V3: 4322.374 | X3: 6401.4093 | Z3: 4825.8112 | AB3: 4981.7623 | AD3: 5801.2779 | AF3: 5349.0419 | AH3: 6240.936 | AI3: pd | AJ3: 7301.0379 | AL3: 7411.5949 | AN3: 8588.0115 | AP3: 7003.9129 | AR3: 9480.9929 | AT3: 8449.6299 | AV3: 8742.9742 | AX3: 11725.79 | AZ3: 14193.776 | BB3: 14182.458 | BD3: 13272.748 | BF3: 8479.3325 | BH3: 6023.924 | BJ3: 6442.4789 | BL3: 6908.2072 | BN3: 7696.4881 | BP3: 8616.7751 | BR3: 9083.7883 | BT3: 8638.2737 | BV3: 8497.2974 | BX3: 9199.8806 | BZ3: 10332.361 | CB3: 10549.447 | CD3: 10666.683 | CF3: 10925.352 | CH3: =(CF3-CD3)/CD3 -> 0.024250231 | CI3: =CF3-CD3 -> 258.66951 | CJ3: =CF3/CK3 -> 0.89927996 | CK3: 12149 | CL3: Partial data for 1999
A4: CB1TF | B4: Northern Chesapeake Bay | C4: (Tidal Fresh) | D4: =CONCATENATE(B4, " ", C4) -> Northern Chesapeake Bay (Tidal Fresh) | E4: 1 | F4: =SUM(F2:F3) -> 5380.3013 | H4: =SUM(H2:H3) -> 5081.5453 | J4: =SUM(J2:J3) -> 5812.9909 | L4: =SUM(L2:L3) -> 5486.5339 | N4: =SUM(N2:N3) -> 4816.5199 | P4: =SUM(P2:P3) -> 4411.0371 | R4: =SUM(R2:R3) -> 4222.7639 | T4: =SUM(T2:T3) -> 4440.6903 | V4: =SUM(V2:V3) -> 4431.646 | X4: =SUM(X2:X3) -> 6698.7567 | Z4: =SUM(Z2:Z3) -> 5180.9824 | AB4: =SUM(AB2:AB3) -> 5304.8833 | AD4: =SUM(AD2:AD3) -> 6153.0143 | AF4: =SUM(AF2:AF3) -> 5708.414 | AH4: =SUM(AH2:AH3) -> 6415.9146 | AI4: pd | AJ4: =SUM(AJ2:AJ3) -> 7767.8781 | AL4: =SUM(AL2:AL3) -> 7982.7897 | AN4: =SUM(AN2:AN3) -> 9227.2851 | AP4: =SUM(AP2:AP3) -> 7569.0287 | AR4: =SUM(AR2:AR3) -> 10103.908 | AT4: =SUM(AT2:AT3) -> 9192.5661 | AV4: =SUM(AV2:AV3) -> 9349.8269 | AX4: =SUM(AX2:AX3) -> 12559.613 | AZ4: =SUM(AZ2:AZ3) -> 15201.07 | BB4: =SUM(BB2:BB3) -> 15261.291 | BD4: =SUM(BD2:BD3) -> 14118.704 | BF4: =SUM(BF2:BF3) -> 8976.246 | BH4: =SUM(BH2:BH3) -> 6484.8089 | BJ4: =SUM(BJ2:BJ3) -> 7010.3624 | BL4: =SUM(BL2:BL3) -> 7437.9369 | BN4: =SUM(BN2:BN3) -> 8173.9046 | BP4: =SUM(BP2:BP3) -> 9192.7144 | BR4: =SUM(BR2:BR3) -> 9599.8775 | BT4: 9161.9739 | BV4: =SUM(BV2:BV3) -> 9303.1973 | BX4: =SUM(BX2:BX3) -> 9973.1125 | BZ4: 11154.669 | CB4: =SUM(CB2:CB3) -> 11334.812 | CD4: =SUM(CD2:CD3) -> 11121.9 | CF4: =SUM(CF2:CF3) -> 11589.546 | CH4: =(CF4-CD4)/CD4 -> 0.042047333 | CI4: =CF4-CD4 -> 467.64621 | CJ4: =CF4/CK4 -> 0.89820551 | CK4: =SUM(CK2:CK3) -> 12903 | CL4: Partial data for 1999
A5: NORTF | B5: Northeast River | C5: (Tidal Fresh) | D5: =CONCATENATE(B5, " ", C5) -> Northeast River (Tidal Fresh) | E5: 2 | F5: 0 | H5: 0 | J5: 4.966911 | L5: 0.840174 | N5: 0 | P5: 0 | R5: 0 | T5: 0 | V5: 0 | X5: 19.669956 | Z5: 16.951746 | AB5: 13.09683 | AD5: 12.306078 | AF5: 24.587445 | AH5: 14.208825 | AJ5: 23.302473 | AL5: 0 | AN5: 75.986325 | AP5: 46.036593 | AR5: 84.165666 | AT5: 78.383292 | AV5: 132.45096 | AX5: 115.05442 | AZ5: 182.71313 | BB5: 240.1415 | BD5: 228.37906 | BF5: 108.30831 | BH5: 52.288476 | BJ5: 52.041366 | BL5: 70.772304 | BN5: 83.374914 | BP5: 90.022173 | BR5: 100.35137 | BT5: 93.753534 | BV5: 86.537922 | BX5: 108.55542 | BZ5: 98.498046 | CB5: 98.868711 | CD5: 96.86516 | CF5: 146.87921 | CH5: =(CF5-CD5)/CD5 -> 0.51632653 | CI5: =CF5-CD5 -> 50.014052 | CJ5: =CF5/CK5 -> 1.6503282 | CK5: 89
A6: ELKOH1 | B6: Elk River Segment 1 | C6: (Oligohaline) | D6: =CONCATENATE(B6, " ", C6) -> Elk River Segment 1 (Oligohaline) | E6: 3.1 | F6: 33.85407 | H6: 95.260905 | J6: 13.714605 | L6: 17.890764 | N6: 467.68039 | P6: 873.97865 | R6: 663.31737 | T6: 594.59608 | V6: 233.71664 | X6: 441.51144 | Z6: 303.40166 | AB6: 107.12219 | AD6: 165.86023 | AF6: 487.67158 | AH6: 790.33191 | AJ6: 1652.8694 | AL6: 1844.948 | AN6: 374.89058 | AP6: 324.6037 | AR6: 1689.244 | AT6: 1671.6003 | AV6: 1610.3912 | AX6: 1589.5104 | AZ6: 1906.5772 | BB6: 2070.164 | BD6: 1900.7207 | BF6: 115.4745 | BH6: 114.90615 | BJ6: 113.96713 | BL6: 419.88931 | BN6: 2129.2233 | BP6: 2195.0287 | BR6: 2085.3613 | BT6: 1771.1609 | BU6: pd | BV6: 798.78307 | BX6: 612.23974 | BZ6: 115.05442 | CB6: 189.1627 | CD6: 0 | CF6: 85.597172 | CH6: 0 | CI6: =CF6-CD6 -> 85.597172 | CJ6: =CF6/CK6 -> 0.046419291 | CK6: 1844 | CL6: Partial data for 2018
A7: ELKOH2 | B7: Elk River Segment 2 | C7: (Oligohaline) | D7: =CONCATENATE(B7, " ", C7) -> Elk River Segment 2 (Oligohaline) | E7: 3.2 | F7: 0 | H7: 0 | J7: 0.469509 | L7: 0 | N7: 2.100435 | P7: 5.263443 | R7: 0.716619 | T7: 0 | V7: 0 | X7: 0 | Z7: 5.658819 | AB7: 0.914307 | AD7: 0.790752 | AF7: 21.572703 | AH7: 8.228763 | AJ7: 57.428364 | AL7: 189.75577 | AN7: 60.270129 | AP7: 21.25146 | AR7: 222.86851 | AT7: 291.91104 | AV7: 378.89376 | AX7: 390.55736 | AZ7: 440.10291 | BB7: 461.89801 | BD7: 475.29137 | BF7: 29.480223 | BH7: 0 | BJ7: 0 | BL7: 11.663592 | BN7: 121.92407 | BP7: 143.64504 | BR7: 136.52827 | BT7: 131.70963 | BV7: 21.449148 | BX7: 0 | BZ7: 0 | CB7: 0 | CD7: 0 | CF7: 0 | CH7: 0 | CI7: =CF7-CD7 -> 0 | CJ7: =CF7/CK7 -> 0 | CK7: 190
A8: ELKOH | B8: Elk River | C8: (Oligohaline) | D8: =CONCATENATE(B8, " ", C8) -> Elk River (Oligohaline) | E8: 3 | F8: =SUM(F6:F7) -> 33.85407 | H8: =SUM(H6:H7) -> 95.260905 | J8: =SUM(J6:J7) -> 14.184114 | L8: =SUM(L6:L7) -> 17.890764 | N8: =SUM(N6:N7) -> 469.78082 | P8: =SUM(P6:P7) -> 879.24209 | R8: =SUM(R6:R7) -> 664.03399 | T8: =SUM(T6:T7) -> 594.59608 | V8: =SUM(V6:V7) -> 233.71664 | X8: =SUM(X6:X7) -> 441.51144 | Z8: =SUM(Z6:Z7) -> 309.06048 | AB8: =SUM(AB6:AB7) -> 108.03649 | AD8: =SUM(AD6:AD7) -> 166.65098 | AF8: =SUM(AF6:AF7) -> 509.24429 | AH8: =SUM(AH6:AH7) -> 798.56068 | AJ8: =SUM(AJ6:AJ7) -> 1710.2977 | AL8: =SUM(AL6:AL7) -> 2034.7037 | AN8: =SUM(AN6:AN7) -> 435.16071 | AP8: =SUM(AP6:AP7) -> 345.85516 | AR8: =SUM(AR6:AR7) -> 1912.1125 | AT8: =SUM(AT6:AT7) -> 1963.5113 | AV8: =SUM(AV6:AV7) -> 1989.2849 | AX8: =SUM(AX6:AX7) -> 1980.0677 | AZ8: =SUM(AZ6:AZ7) -> 2346.6801 | BB8: =SUM(BB6:BB7) -> 2532.062 | BD8: =SUM(BD6:BD7) -> 2376.0121 | BF8: =SUM(BF6:BF7) -> 144.95473 | BH8: =SUM(BH6:BH7) -> 114.90615 | BJ8: =SUM(BJ6:BJ7) -> 113.96713 | BL8: =SUM(BL6:BL7) -> 431.5529 | BN8: =SUM(BN6:BN7) -> 2251.1474 | BP8: =SUM(BP6:BP7) -> 2338.6738 | BR8: =SUM(BR6:BR7) -> 2221.8896 | BT8: 1902.8706 | BV8: =SUM(BV6:BV7) -> 820.23222 | BX8: =SUM(BX6:BX7) -> 612.23974 | BZ8: 115.05442 | CB8: =SUM(CB6:CB7) -> 189.1627 | CD8: =SUM(CD6:CD7) -> 0 | CF8: =SUM(CF6:CF7) -> 85.597172 | CH8: 0 | CI8: =CF8-CD8 -> 85.597172 | CJ8: =CF8/CK8 -> 0.042083172 | CK8: =SUM(CK6:CK7) -> 2034 | CL8: Partial data for 2018
A9: BOHOH | B9: Bohemia River | C9: (Oligohaline) | D9: =CONCATENATE(B9, " ", C9) -> Bohemia River (Oligohaline) | E9: 4 | F9: 0 | H9: 19.348713 | J9: 3.879627 | L9: 0 | N9: 16.877613 | P9: 16.877613 | R9: 0.617775 | T9: 4.349136 | V9: 0.444798 | X9: 2.940609 | Z9: 28.219962 | AB9: 31.086438 | AD9: 37.288899 | AF9: 114.65904 | AH9: 90.44226 | AJ9: 187.11169 | AL9: 354.40516 | AN9: 136.18232 | AP9: 288.10555 | AR9: 729.76525 | AT9: 917.89009 | AV9: 708.71148 | AX9: 578.80575 | AZ9: 528.42002 | BB9: 546.90385 | BD9: 208.9315 | BF9: 53.894691 | BH9: 60.887904 | BJ9: 35.657973 | BL9: 63.26016 | BN9: 374.17396 | BP9: 295.07405 | BR9: 145.52308 | BT9: 118.41511 | BU9: pd | BV9: 83.449047 | BX9: 3.508962 | BZ9: 2.372256 | CB9: 6.350727 | CD9: 0 | CF9: 6.8942295 | CH9: 0 | CI9: =CF9-CD9 -> 6.8942295 | CJ9: =CF9/CK9 -> 0.019475225 | CK9: 354 | CL9: Partial data for 2018
A10: C&DOH | B10: Chesapeake & Delaware Canal | C10: (Oligohaline) | D10: =CONCATENATE(B10, " ", C10) -> Chesapeake & Delaware Canal (Oligohaline) | E10: 5 | F10: 0 | H10: 0 | J10: 0 | L10: 0 | N10: 0 | P10: 0 | R10: 0 | T10: 0 | V10: 0 | X10: 0 | Z10: 0 | AB10: 0 | AD10: 0 | AF10: 0 | AH10: 0 | AJ10: 0 | AL10: 6.573126 | AN10: 0 | AP10: 0 | AR10: 8.129919 | AT10: 8.698272 | AV10: 3.014742 | AX10: 2.125146 | AZ10: 12.207234 | BB10: 7.240323 | BD10: 15.740907 | BF10: 0 | BH10: 0 | BJ10: 0 | BL10: 0.568353 | BN10: 16.927035 | BP10: 21.325593 | BR10: 17.816631 | BT10: 16.531659 | BU10: pd | BV10: 0 | BX10: 1.013151 | BZ10: 0 | CB10: 0 | CD10: 0 | CF10: 0 | CH10: 0 | CI10: =CF10-CD10 -> 0 | CJ10: =CF10/CK10 -> 0 | CK10: 7 | CL10: Partial data for 2018
A11: CB2OH | B11: Upper Chesapeake Bay | C11: (Oligohaline) | D11: =CONCATENATE(B11, " ", C11) -> Upper Chesapeake Bay (Oligohaline) | E11: 6 | F11: 27.478632 | G11: pd | H11: 315.04054 | J11: 36.102771 | K11: pd | L11: 211.47674 | N11: 51.300036 | P11: 18.978048 | R11: 9.933822 | T11: 93.506424 | V11: 27.42921 | X11: 10.230354 | Z11: 23.96967 | AB11: 68.152938 | AD11: 272.24109 | AF11: 312.74242 | AH11: 1.284972 | AI11: pd | AJ11: 705.20252 | AL11: 203.12442 | AM11: pd | AN11: 502.15223 | AP11: 211.50145 | AR11: 1302.7886 | AT11: 1070.7771 | AV11: 434.71591 | AX11: 372.64188 | AZ11: 632.92284 | BB11: 745.45674 | BD11: 581.42512 | BF11: 421.22371 | BH11: 294.25859 | BJ11: 94.173621 | BL11: 302.56148 | BN11: 425.86937 | BP11: 310.39487 | BR11: 473.66045 | BT11: 631.36605 | BV11: 998.20084 | BX11: 692.45164 | BZ11: 794.95287 | CB11: 438.91678 | CD11: 243.32429 | CF11: 434.11406 | CH11: =(CF11-CD11)/CD11 -> 0.78409668 | CI11: =CF11-CD11 -> 190.78977 | CJ11: =CF11/CK11 -> 0.61576463 | CK11: 705 | CL11: Partial data for 1984, 1986, 1999, 2001
A12: SASOH1 | B12: Sassafras River Segment 1 | C12: (Oligohaline) | D12: =CONCATENATE(B12, " ", C12) -> Sassafras River Segment 1 (Oligohaline) | E12: 7.1 | F12: 49.496133 | H12: 67.95525 | J12: 75.838059 | L12: 84.486909 | N12: 222.86851 | P12: 97.138941 | R12: 74.38011 | T12: 34.545978 | V12: 186.37036 | X12: 177.22729 | Z12: 422.06388 | AB12: 233.74135 | AD12: 261.91189 | AF12: 169.51746 | AH12: 240.3639 | AJ12: 958.21845 | AL12: 1073.7177 | AN12: 709.50223 | AP12: 304.43952 | AR12: 1024.5428 | AT12: 1125.2895 | AV12: 815.2406 | AX12: 368.44101 | AZ12: 552.19201 | BB12: 807.97557 | BD12: 783.58581 | BF12: 421.81677 | BH12: 263.24628 | BJ12: 107.76467 | BL12: 110.95239 | BN12: 121.60283 | BP12: 167.86182 | BR12: 21.795102 | BT12: 133.36527 | BV12: 237.57155 | BX12: 140.80328 | BZ12: 144.43579 | CB12: 118.06916 | CD12: 6.572993 | CF12: 50.088183 | CH12: =(CF12-CD12)/CD12 -> 6.6203008 | CI12: =CF12-CD12 -> 43.515191 | CJ12: =CF12/CK12 -> 0.046680507 | CK12: 1073
A13: SASOH2 | B13: Sassafras River Segment 2 | C13: (Oligohaline) | D13: =CONCATENATE(B13, " ", C13) -> Sassafras River Segment 2 (Oligohaline) | E13: 7.2 | F13: 0 | H13: 0 | J13: 6.869658 | L13: 0 | N13: 0 | P13: 0 | R13: 0 | T13: 0 | V13: 0 | X13: 11.194083 | Z13: 22.215189 | AB13: 14.159403 | AD13: 11.86128 | AF13: 0 | AH13: 0 | AJ13: 2.026302 | AL13: 95.38446 | AN13: 120.8615 | AP13: 65.805393 | AR13: 246.51694 | AT13: 350.62438 | AV13: 49.940931 | AX13: 4.052604 | AZ13: 52.782696 | BB13: 53.178072 | BD13: 127.01454 | BF13: 93.506424 | BH13: 9.167781 | BJ13: 0 | BL13: 35.312019 | BN13: 103.41553 | BP13: 60.78906 | BR13: 19.867644 | BT13: 28.368228 | BU13: pd | BV13: 168.30662 | BX13: 28.491783 | BZ13: 59.084001 | CB13: 42.824163 | CD13: 4.0278115 | CF13: 37.362276 | CH13: =(CF13-CD13)/CD13 -> 8.2760736 | CI13: =CF13-CD13 -> 33.334464 | CJ13: =CF13/CK13 -> 0.39328712 | CK13: 95 | CL13: Partial data for 2018
A14: SASOH | B14: Sassafras River | C14: (Oligohaline) | D14: =CONCATENATE(B14, " ", C14) -> Sassafras River (Oligohaline) | E14: 7 | F14: =SUM(F12:F13) -> 49.496133 | H14: =SUM(H12:H13) -> 67.95525 | J14: =SUM(J12:J13) -> 82.707717 | L14: =SUM(L12:L13) -> 84.486909 | N14: =SUM(N12:N13) -> 222.86851 | P14: =SUM(P12:P13) -> 97.138941 | R14: =SUM(R12:R13) -> 74.38011 | T14: =SUM(T12:T13) -> 34.545978 | V14: =SUM(V12:V13) -> 186.37036 | X14: =SUM(X12:X13) -> 188.42137 | Z14: =SUM(Z12:Z13) -> 444.27907 | AB14: =SUM(AB12:AB13) -> 247.90075 | AD14: =SUM(AD12:AD13) -> 273.77317 | AF14: =SUM(AF12:AF13) -> 169.51746 | AH14: =SUM(AH12:AH13) -> 240.3639 | AJ14: =SUM(AJ12:AJ13) -> 960.24475 | AL14: =SUM(AL12:AL13) -> 1169.1021 | AN14: =SUM(AN12:AN13) -> 830.36373 | AP14: =SUM(AP12:AP13) -> 370.24491 | AR14: =SUM(AR12:AR13) -> 1271.0597 | AT14: =SUM(AT12:AT13) -> 1475.9139 | AV14: =SUM(AV12:AV13) -> 865.18153 | AX14: =SUM(AX12:AX13) -> 372.49361 | AZ14: =SUM(AZ12:AZ13) -> 604.9747 | BB14: =SUM(BB12:BB13) -> 861.15364 | BD14: =SUM(BD12:BD13) -> 910.60035 | BF14: =SUM(BF12:BF13) -> 515.32319 | BH14: =SUM(BH12:BH13) -> 272.41406 | BJ14: =SUM(BJ12:BJ13) -> 107.76467 | BL14: =SUM(BL12:BL13) -> 146.26441 | BN14: =SUM(BN12:BN13) -> 225.01837 | BP14: =SUM(BP12:BP13) -> 228.65088 | BR14: =SUM(BR12:BR13) -> 41.662746 | BT14: 161.7335 | BV14: =SUM(BV12:BV13) -> 405.87817 | BX14: =SUM(BX12:BX13) -> 169.29506 | BZ14: 203.5198 | CB14: =SUM(CB12:CB13) -> 160.89332 | CD14: =SUM(CD12:CD13) -> 10.600804 | CF14: =SUM(CF12:CF13) -> 87.450459 | CH14: =(CF14-CD14)/CD14 -> 7.2494172 | CI14: =CF14-CD14 -> 76.849655 | CJ14: =CF14/CK14 -> 0.074871969 | CK14: =SUM(CK12:CK13) -> 1168 | CL14: Partial data for 2018
A15: BSHOH | B15: Bush River | C15: (Oligohaline) | D15: =CONCATENATE(B15, " ", C15) -> Bush River (Oligohaline) | E15: 8 | F15: 5.93064 | G15: pd | H15: 29.999154 | J15: 0 | K15: pd | L15: 35.361441 | N15: 0 | P15: 0 | R15: 0 | T15: 5.732952 | V15: 0 | X15: 0 | Z15: 0 | AB15: 96.471744 | AD15: 86.364945 | AF15: 6.103617 | AH15: 0 | AI15: pd | AJ15: 194.37673 | AL15: 2.940609 | AM15: pd | AN15: 349.83363 | AP15: 390.16198 | AR15: 1024.2215 | AT15: 725.53967 | AV15: 324.03534 | AX15: 642.98022 | AZ15: 519.12869 | BB15: 381.29073 | BD15: 236.1136 | BF15: 278.49297 | BH15: 119.82364 | BJ15: 247.85133 | BL15: 222.25073 | BN15: 366.24173 | BP15: 61.629234 | BR15: 126.29792 | BT15: 431.15753 | BV15: 552.6368 | BX15: 446.18182 | BZ15: 444.3532 | CB15: 393.20143 | CD15: 290.76845 | CF15: 467.20142 | CH15: =(CF15-CD15)/CD15 -> 0.60678168 | CI15: =CF15-CD15 -> 176.43297 | CJ15: =CF15/CK15 -> 1.3348612 | CK15: 350 | CL15: Partial data for 1984, 1986, 1999, 2001
A16: GUNOH1 | B16: Gunpowder River Segment 1 | C16: (Oligohaline) | D16: =CONCATENATE(B16, " ", C16) -> Gunpowder River Segment 1 (Oligohaline) | E16: 9.1 | F16: 0 | G16: nd | H16: 78.210315 | J16: 0 | K16: nd | L16: 88.070004 | N16: 60.665505 | P16: 213.84899 | R16: 175.0033 | T16: 283.5093 | V16: 88.094715 | X16: 176.1153 | Z16: 114.36251 | AB16: 728.03548 | AD16: 1179.8761 | AF16: 1765.2303 | AH16: 160.3991 | AI16: pd | AJ16: 1861.2325 | AL16: 0 | AM16: nd | AN16: 102.69892 | AP16: 20.75724 | AR16: 1324.1884 | AT16: 442.3269 | AV16: 235.86649 | AX16: 558.93811 | AZ16: 782.74564 | BB16: 854.53109 | BD16: 857.0269 | BF16: 492.91032 | BH16: 424.68325 | BJ16: 331.76989 | BL16: 328.58217 | BN16: 344.49605 | BP16: 185.70317 | BR16: 417.98656 | BT16: 605.1971 | BV16: 978.50618 | BX16: 1023.1837 | BZ16: 933.08736 | CB16: 426.6107 | CD16: 86.560882 | CF16: 184.48859 | CH16: =(CF16-CD16)/CD16 -> 1.131316 | CI16: =CF16-CD16 -> 97.927711 | CJ16: =CF16/CK16 -> 0.099187416 | CK16: 1860 | CL16: Partial data for 1999; No data for 1984, 1986, 2001
A17: GUNOH2 | B17: Gunpowder River Segment 2 | C17: (Oligohaline) | D17: =CONCATENATE(B17, " ", C17) -> Gunpowder River Segment 2 (Oligohaline) | E17: 9.2 | F17: 0 | G17: pd | H17: 39.710577 | J17: 0 | K17: pd | L17: 0.24711 | N17: 0 | P17: 0 | R17: 26.762013 | T17: 28.046985 | V17: 27.058545 | X17: 44.430378 | Z17: 54.290067 | AB17: 190.86776 | AD17: 395.1536 | AF17: 386.40591 | AH17: 147.35169 | AI17: pd | AJ17: 571.81254 | AL17: 0 | AM17: nd | AN17: 360.38522 | AP17: 468.397 | AR17: 1066.848 | AT17: 1290.705 | AV17: 606.95158 | AX17: 905.68286 | AZ17: 936.5469 | BB17: 1033.1422 | BD17: 872.94079 | BF17: 893.15438 | BH17: 345.97871 | BJ17: 467.30972 | BL17: 587.92411 | BN17: 891.91883 | BP17: 734.5839 | BR17: 801.32831 | BT17: 908.89529 | BV17: 1060.1513 | BX17: 1114.2437 | BZ17: 1231.0032 | CB17: 859.34974 | CD17: 120.7355 | CF17: 282 | CH17: =(CF17-CD17)/CD17 -> 1.3356841 | CI17: =CF17-CD17 -> 161.2645 | CJ17: =CF17/CK17 -> 0.49300699 | CK17: 572 | CL17: Partial data for 1984, 1986, 1999; No data for 2001
A18: GUNOH | B18: Gunpowder River | C18: (Oligohaline) | D18: =CONCATENATE(B18, " ", C18) -> Gunpowder River (Oligohaline) | E18: 9 | F18: =SUM(F16:F17) -> 0 | G18: pd | H18: =SUM(H16:H17) -> 117.92089 | J18: =SUM(J16:J17) -> 0 | K18: pd | L18: =SUM(L16:L17) -> 88.317114 | N18: =SUM(N16:N17) -> 60.665505 | P18: =SUM(P16:P17) -> 213.84899 | R18: =SUM(R16:R17) -> 201.76531 | T18: =SUM(T16:T17) -> 311.55629 | V18: =SUM(V16:V17) -> 115.15326 | X18: =SUM(X16:X17) -> 220.54567 | Z18: =SUM(Z16:Z17) -> 168.65257 | AB18: =SUM(AB16:AB17) -> 918.90325 | AD18: =SUM(AD16:AD17) -> 1575.0297 | AF18: =SUM(AF16:AF17) -> 2151.6362 | AH18: =SUM(AH16:AH17) -> 307.75079 | AI18: pd | AJ18: =SUM(AJ16:AJ17) -> 2433.0451 | AL18: =SUM(AL16:AL17) -> 0 | AM18: nd | AN18: =SUM(AN16:AN17) -> 463.08414 | AP18: =SUM(AP16:AP17) -> 489.15425 | AR18: =SUM(AR16:AR17) -> 2391.0364 | AT18: =SUM(AT16:AT17) -> 1733.0319 | AV18: =SUM(AV16:AV17) -> 842.81808 | AX18: =SUM(AX16:AX17) -> 1464.621 | AZ18: =SUM(AZ16:AZ17) -> 1719.2925 | BB18: =SUM(BB16:BB17) -> 1887.6733 | BD18: =SUM(BD16:BD17) -> 1729.9677 | BF18: =SUM(BF16:BF17) -> 1386.0647 | BH18: =SUM(BH16:BH17) -> 770.66196 | BJ18: =SUM(BJ16:BJ17) -> 799.07961 | BL18: =SUM(BL16:BL17) -> 916.50628 | BN18: =SUM(BN16:BN17) -> 1236.4149 | BP18: =SUM(BP16:BP17) -> 920.28706 | BR18: =SUM(BR16:BR17) -> 1219.3149 | BT18: 1514.0924 | BV18: =SUM(BV16:BV17) -> 2038.6575 | BX18: =SUM(BX16:BX17) -> 2137.4274 | BZ18: 2164.0905 | CB18: =SUM(CB16:CB17) -> 1285.9604 | CD18: =SUM(CD16:CD17) -> 207.29638 | CF18: =SUM(CF16:CF17) -> 466.48859 | CH18: =(CF18-CD18)/CD18 -> 1.250346 | CI18: =CF18-CD18 -> 259.19221 | CJ18: =CF18/CK18 -> 0.19181274 | CK18: =SUM(CK16:CK17) -> 2432 | CL18: Partial data for 1984, 1986, 1999; No data for 2001
A19: MIDOH | B19: Middle River | C19: (Oligohaline) | D19: =CONCATENATE(B19, " ", C19) -> Middle River (Oligohaline) | E19: 10 | F19: 0 | G19: nd | H19: 193.61068 | J19: 0 | K19: nd | L19: 94.025355 | N19: 19.571112 | P19: 7.388589 | R19: 19.472268 | T19: 112.97869 | V19: 16.482237 | X19: 61.826922 | Z19: 11.762436 | AB19: 76.999476 | AD19: 290.03301 | AF19: 105.5901 | AH19: 95.13735 | AJ19: 740.26743 | AL19: 0 | AM19: nd | AN19: 629.4633 | AP19: 391.07629 | AR19: 670.70596 | AT19: 453.76809 | AV19: 230.67718 | AX19: 550.3881 | AZ19: 826.68179 | BB19: 780.34867 | BD19: 658.27633 | BF19: 311.82811 | BH19: 309.13461 | BJ19: 366.63711 | BL19: 519.07927 | BN19: 841.18715 | BP19: 950.2615 | BR19: 857.00219 | BT19: 864.39078 | BV19: 458.83385 | BX19: 503.73373 | BZ19: 687.97895 | CB19: 416.99812 | CD19: 277.99313 | CF19: 410.58967 | CH19: =(CF19-CD19)/CD19 -> 0.47697778 | CI19: =CF19-CD19 -> 132.59654 | CJ19: =CF19/CK19 -> 0.46710997 | CK19: 879 | CL19: Partial data for 2018; No data for 1984, 1986, 2001
A20: BACOH | B20: Back River | C20: (Oligohaline) | D20: =CONCATENATE(B20, " ", C20) -> Back River (Oligohaline) | E20: 11 | F20: 0 | H20: 0 | J20: 0 | L20: 0 | N20: 0 | P20: 0 | R20: 0 | T20: 0 | V20: 0 | X20: 0 | Z20: 0 | AB20: 0 | AD20: 0 | AF20: 0 | AH20: 0 | AJ20: 0 | AL20: 0 | AN20: 0 | AP20: 0 | AR20: 30.048576 | AT20: 0 | AV20: 0 | AX20: 0 | AZ20: 0 | BB20: 0 | BD20: 0.024711 | BF20: 10.576308 | BH20: 0.024711 | BJ20: 0 | BL20: 0 | BN20: 0 | BP20: 0 | BR20: 0 | BT20: 0.568353 | BV20: 14.974866 | BX20: 1.23555 | BZ20: 26.144238 | CB20: 23.796693 | CD20: 6.1034935 | CF20: 82.508359 | CH20: =(CF20-CD20)/CD20 -> 12.518219 | CI20: =CF20-CD20 -> 76.404866 | CJ20: =CF20/CK20 -> 2.7502786 | CK20: 30
A21: CB3MH | B21: Upper Central Chesapeake Bay | C21: (Mesohaline) | D21: =CONCATENATE(B21, " ", C21) -> Upper Central Chesapeake Bay (Mesohaline) | E21: 12 | F21: 944.55326 | H21: 905.46046 | J21: 435.136 | L21: 561.75516 | N21: 227.88484 | P21: 86.191968 | R21: 54.883131 | T21: 435.90204 | V21: 800.21631 | X21: 819.91098 | Z21: 854.7782 | AB21: 900.74066 | AD21: 916.35801 | AF21: 761.79071 | AH21: 6.869658 | AI21: pd | AJ21: 9.241914 | AL21: 1.23555 | AM21: pd | AN21: 94.692552 | AP21: 22.808253 | AQ21: pd | AR21: 908.62347 | AT21: 566.47496 | AV21: 169.44333 | AX21: 123.50558 | AZ21: 188.74262 | BB21: 234.45797 | BD21: 202.58078 | BF21: 767.44953 | BH21: 433.72747 | BJ21: 124.09864 | BL21: 363.44939 | BN21: 630.62472 | BP21: 744.96252 | BR21: 272.09282 | BT21: 466.3707 | BV21: 785.11789 | BX21: 340.7894 | BZ21: 372.9137 | CB21: 651.62907 | CD21: 339.47285 | CF21: 575.13689 | CH21: =(CF21-CD21)/CD21 -> 0.69420585 | CI21: =CF21-CD21 -> 235.66404 | CJ21: =CF21/CK21 -> 0.41980795 | CK21: 1370 | CL21: Partial data for 1999, 2001, 2003
A22: PATMH | B22: Patapsco River | C22: (Mesohaline) | D22: =CONCATENATE(B22, " ", C22) -> Patapsco River (Mesohaline) | E22: 13 | F22: 0 | H22: 0 | J22: 0 | L22: 0 | N22: 0 | P22: 0 | R22: 0 | T22: 0 | V22: 0 | X22: 0.914307 | Z22: 0 | AB22: 5.68353 | AD22: 4.769223 | AF22: 14.480646 | AH22: 0 | AI22: pd | AJ22: 0 | AL22: 0 | AM22: pd | AN22: 7.882809 | AP22: 6.523704 | AR22: 202.35838 | AT22: 278.86363 | AV22: 48.087606 | AX22: 9.068937 | AZ22: 18.137874 | BB22: 11.540037 | BD22: 0 | BF22: 3.632517 | BH22: 0 | BJ22: 0 | BL22: 16.778769 | BN22: 39.611733 | BP22: 3.45954 | BR22: 14.282958 | BT22: 30.567507 | BV22: 140.77857 | BX22: 143.47207 | BZ22: 164.37757 | CB22: 176.8072 | CD22: 179.69476 | CF22: 228.22618 | CH22: =(CF22-CD22)/CD22 -> 0.27007701 | CI22: =CF22-CD22 -> 48.531422 | CJ22: =CF22/CK22 -> 0.58669969 | CK22: 389 | CL22: Partial data for 1999, 2001
A23: MAGMH | B23: Magothy River | C23: (Mesohaline) | D23: =CONCATENATE(B23, " ", C23) -> Magothy River (Mesohaline) | E23: 14 | F23: 23.524872 | H23: 12.528477 | J23: 9.686712 | L23: 0.642486 | N23: 0 | P23: 0 | R23: 0 | T23: 0 | V23: 32.643231 | X23: 45.814194 | Z23: 78.259737 | AB23: 91.801365 | AD23: 132.15443 | AF23: 197.73742 | AH23: 65.23704 | AI23: pd | AJ23: 89.898618 | AL23: 0 | AM23: nd | AN23: 208.78324 | AP23: 168.72671 | AR23: 299.52203 | AT23: 308.29444 | AV23: 250.2483 | AX23: 82.930116 | AZ23: 89.651508 | BB23: 12.10839 | BD23: 1.754481 | BF23: 7.858098 | BH23: 0 | BJ23: 0 | BL23: 18.953337 | BN23: 31.704213 | BP23: 11.292927 | BR23: 23.376606 | BT23: 35.756817 | BV23: 183.42975 | BX23: 123.08549 | BZ23: 60.393684 | CB23: 80.953236 | CD23: 72.797133 | CF23: 72.846554 | CH23: =(CF23-CD23)/CD23 -> 0.00067888663 | CI23: =CF23-CD23 -> 0.049421 | CJ23: =CF23/CK23 -> 0.12581443 | CK23: 579 | CL23: Partial data for 1999, No data for 2001
A24: CHSMH | B24: Lower Chester River | C24: (Mesohaline) | D24: =CONCATENATE(B24, " ", C24) -> Lower Chester River (Mesohaline) | E24: 15 | F24: 1033.2658 | H24: 910.60035 | J24: 399.45331 | L24: 708.48908 | N24: 186.37036 | P24: 80.187195 | R24: 85.178817 | T24: 194.59912 | V24: 757.51571 | X24: 1012.7309 | Z24: 1097.6626 | AB24: 770.48898 | AD24: 1049.748 | AF24: 1180.914 | AH24: 735.74531 | AJ24: 0 | AL24: 205.5461 | AN24: 204.85419 | AP24: 116.93245 | AQ24: pd | AR24: 730.70427 | AT24: 461.84859 | AV24: 183.89926 | AX24: 67.559874 | AZ24: 82.78185 | BB24: 95.335038 | BD24: 84.116244 | BF24: 283.48459 | BH24: 173.81717 | BJ24: 36.720546 | BL24: 143.62033 | BN24: 382.72397 | BP24: 545.86599 | BR24: 235.14988 | BT24: 381.76024 | BV24: 766.53522 | BX24: 369.80012 | BZ24: 265.34672 | CB24: 362.85632 | CD24: 271.17303 | CF24: 320.89055 | CH24: =(CF24-CD24)/CD24 -> 0.18334245 | CI24: =CF24-CD24 -> 49.717526 | CJ24: =CF24/CK24 -> 0.10959377 | CK24: 2928
A25: CHSOH | B25: Middle Chester River | C25: (Oligohaline) | D25: =CONCATENATE(B25, " ", C25) -> Middle Chester River (Oligohaline) | E25: 16 | F25: 0 | H25: 0 | J25: 0 | L25: 0 | N25: 0 | P25: 0 | R25: 0 | T25: 0 | V25: 0 | X25: 0 | Z25: 0 | AB25: 0 | AD25: 0 | AF25: 0 | AH25: 0 | AJ25: 0 | AL25: 0 | AN25: 0 | AP25: 0 | AR25: 4.349136 | AT25: 228.08253 | AV25: 0 | AX25: 0 | AZ25: 0 | BB25: 0 | BD25: 0 | BF25: 17.940186 | BH25: 0 | BJ25: 0 | BL25: 19.669956 | BN25: 93.580557 | BP25: 101.78461 | BR25: 69.264933 | BT25: 217.03671 | BV25: 366.29115 | BX25: 228.84857 | BZ25: 9.760845 | CB25: 0 | CD25: 0 | CF25: 0 | CH25: 0 | CI25: =CF25-CD25 -> 0 | CJ25: =CF25/CK25 -> 0 | CK25: 77
A26: CHSTF | B26: Upper Chester River | C26: (Tidal Fresh) | D26: =CONCATENATE(B26, " ", C26) -> Upper Chester River (Tidal Fresh) | E26: 17 | F26: 0 | H26: 0 | J26: 0 | L26: 0 | N26: 0 | P26: 0 | R26: 0 | T26: 0 | V26: 0 | X26: 0 | Z26: 0 | AB26: 0 | AD26: 0 | AF26: 0 | AH26: 0 | AJ26: 0 | AL26: 0 | AN26: 0 | AP26: 0 | AR26: 0 | AT26: 0.963729 | AV26: 0 | AX26: 0 | AZ26: 0 | BB26: 0 | BD26: 0 | BF26: 0 | BH26: 0 | BJ26: 0 | BL26: 9.909111 | BN26: 14.505357 | BP26: 358.33421 | BR26: 409.95549 | BT26: 472.30134 | BV26: 483.27303 | BX26: 191.23843 | BZ26: 14.554779 | CB26: 5.065755 | CD26: 4.3243375 | CF26: 2.7428655 | CH26: =(CF26-CD26)/CD26 -> -0.36571429 | CI26: =CF26-CD26 -> -1.581472 | CJ26: =CF26/CK26 -> 2.7428655 | CK26: 1
A27: CB4MH | B27: Middle Central Chesapeake Bay | C27: (Mesohaline) | D27: =CONCATENATE(B27, " ", C27) -> Middle Central Chesapeake Bay (Mesohaline) | E27: 18 | F27: 45.048153 | H27: 87.575784 | J27: 30.913461 | L27: 15.691485 | N27: 5.980062 | P27: 12.133101 | R27: 5.584686 | T27: 18.088452 | V27: 12.058968 | X27: 0 | Z27: 0 | AB27: 0 | AD27: 50.113908 | AF27: 0 | AH27: 24.21678 | AJ27: 0 | AL27: 112.16323 | AM27: pd | AN27: 269.44874 | AP27: 21.375015 | AR27: 10.403331 | AT27: 0 | AV27: 0 | AX27: 0 | AZ27: 0 | BB27: 0.370665 | BD27: 0 | BF27: 68.177649 | BH27: 0 | BJ27: 0 | BL27: 0 | BN27: 0 | BP27: 35.732106 | BR27: 48.828936 | BT27: 22.882386 | BU27: pd | BV27: 161.75821 | BX27: 44.751621 | BZ27: 42.379365 | CB27: 38.277339 | CD27: 43.589322 | CF27: 14.3568 | CH27: =(CF27-CD27)/CD27 -> -0.67063492 | CI27: =CF27-CD27 -> -29.232522 | CJ27: =CF27/CK27 -> 0.0056679039 | CK27: 2533 | CL27: Partial data for 2001, 2018
A28: EASMH | B28: Eastern Bay | C28: (Mesohaline) | D28: =CONCATENATE(B28, " ", C28) -> Eastern Bay (Mesohaline) | E28: 19 | F28: 215.23281 | H28: 971.98247 | J28: 624.32341 | L28: 2216.9721 | N28: 2051.2601 | P28: 961.60385 | R28: 167.86182 | T28: 1370.3238 | V28: 1813.0955 | X28: 2412.1396 | Z28: 3328.6953 | AB28: 3678.2571 | AD28: 4567.3836 | AF28: 2736.1255 | AH28: 4955.6428 | AJ28: 0 | AL28: 2886.8132 | AN28: 2779.6168 | AP28: 1637.9439 | AR28: 1039.1964 | AT28: 767.52366 | AV28: 565.33826 | AX28: 80.113062 | AZ28: 89.873907 | BB28: 473.24036 | BD28: 421.69322 | BF28: 1633.0017 | BH28: 228.55204 | BJ28: 48.482982 | BL28: 216.19654 | BN28: 1505.2459 | BP28: 2327.0596 | BR28: 2441.2738 | BT28: 1837.0652 | BV28: 2003.7903 | BX28: 841.38484 | BZ28: 511.19646 | CB28: 572.13378 | CD28: 974.85394 | CF28: 623.91541 | CH28: =(CF28-CD28)/CD28 -> -0.35999087 | CI28: =CF28-CD28 -> -350.93852 | CJ28: =CF28/CK28 -> 0.10048565 | CK28: 6209
A29: CHOMH1 | B29: Mouth of the Choptank River | C29: (Mesohaline) | D29: =CONCATENATE(B29, " ", C29) -> Mouth of the Choptank River (Mesohaline) | E29: 20 | F29: 142.70602 | H29: 3471.5001 | J29: 700.33445 | L29: 697.0726 | N29: 2070.9795 | P29: 294.57983 | R29: 201.76532 | T29: 2302.4721 | V29: 4284.8133 | X29: 3607.4106 | Z29: 3656.5855 | AB29: 5791.3935 | AD29: 6900.7691 | AF29: 5642.2873 | AH29: 3789.5801 | AJ29: 1681.9542 | AL29: 5259.7611 | AN29: 6584.5425 | AP29: 2970.2622 | AR29: 3772.4307 | AT29: 2292.4395 | AV29: 1042.8783 | AX29: 1256.9003 | AZ29: 460.5142 | BB29: 649.03441 | BD29: 404.12369 | BF29: 2825.9005 | BH29: 755.95891 | BJ29: 1261.7684 | BL29: 3792.5454 | BN29: 6045.6203 | BP29: 7260.759 | BR29: 8707.6128 | BT29: 5350.0056 | BU29: pd | BV29: 5317.4365 | BX29: 4531.5279 | BZ29: 4170.1789 | CB29: 5001.9759 | CD29: 5424.7208 | CF29: 3214.2924 | CH29: =(CF29-CD29)/CD29 -> -0.4074732 | CI29: =CF29-CD29 -> -2210.4284 | CJ29: =CF29/CK29 -> 0.39275323 | CK29: 8184 | CL29: Partial data for 2018
A30: CHOMH2 | B30: Lower Choptank River | C30: (Mesohaline) | D30: =CONCATENATE(B30, " ", C30) -> Lower Choptank River (Mesohaline) | E30: 21 | F30: 0 | H30: 89.997462 | J30: 21.720969 | L30: 0 | N30: 0 | P30: 0 | R30: 0 | T30: 13.986426 | V30: 9.933822 | X30: 0 | Z30: 0 | AB30: 0 | AD30: 4.349136 | AF30: 0 | AH30: 0 | AJ30: 0 | AL30: 148.14245 | AN30: 154.44375 | AP30: 0 | AR30: 0.98844 | AT30: 0 | AV30: 0 | AX30: 0 | AZ30: 0 | BB30: 0 | BD30: 0 | BF30: 44.72691 | BH30: 18.162585 | BJ30: 0 | BL30: 19.842933 | BN30: 32.989185 | BP30: 30.023865 | BR30: 20.880795 | BT30: 0 | BU30: pd | BV30: 23.055363 | BX30: 30.518085 | BZ30: 9.118359 | CB30: 7.487433 | CD30: 15.518194 | CF30: 9.834779 | CH30: =(CF30-CD30)/CD30 -> -0.36624204 | CI30: =CF30-CD30 -> -5.683415 | CJ30: =CF30/CK30 -> 0.0060671061 | CK30: 1621 | CL30: Partial data for 2018
A31: CHOOH | B31: Middle Choptank River | C31: (Oligohaline) | D31: =CONCATENATE(B31, " ", C31) -> Middle Choptank River (Oligohaline) | E31: 22 | F31: 0 | H31: 0 | J31: 0 | L31: 0 | N31: 0 | P31: 0 | R31: 0 | T31: 0 | V31: 0 | X31: 0 | Z31: 0 | AB31: 0 | AD31: 0 | AF31: 0 | AH31: 0 | AJ31: 0 | AL31: 0 | AN31: 0 | AP31: 0 | AR31: 0 | AT31: 0 | AV31: 0 | AX31: 0 | AZ31: 0 | BB31: 0 | BD31: 0 | BF31: 0 | BH31: 0 | BJ31: 0 | BL31: 0 | BN31: 19.200447 | BP31: 26.514903 | BR31: 0 | BT31: 0 | BV31: 7.363878 | BX31: 0 | BZ31: 0 | CB31: 1.359105 | CD31: 0 | CF31: 0 | CH31: 0 | CI31: =CF31-CD31 -> 0 | CJ31: =CF31/CK31 -> 0 | CK31: 72
A32: CHOTF | B32: Upper Choptank River | C32: (Tidal Fresh) | D32: =CONCATENATE(B32, " ", C32) -> Upper Choptank River (Tidal Fresh) | E32: 23 | F32: 0 | H32: 0 | J32: 0 | L32: 0 | N32: 0 | P32: 0 | R32: 0 | T32: 0 | V32: 0 | X32: 0 | Z32: 0 | AB32: 0 | AD32: 0 | AF32: 0 | AH32: 0 | AJ32: 0 | AL32: 0 | AN32: 0 | AP32: 0 | AR32: 0 | AT32: 0 | AV32: 0 | AX32: 0 | AZ32: 0 | BB32: 0 | BD32: 0 | BF32: 0 | BH32: 0 | BJ32: 0 | BL32: 0 | BN32: 0 | BP32: 0 | BR32: 0 | BT32: 0 | BV32: 0 | BX32: 0 | BZ32: 0 | CB32: 0 | CD32: 0 | CF32: 0 | CH32: 0 | CI32: =CF32-CD32 -> 0 | CK32: NGZ
A33: LCHMH | B33: Little Choptank River | C33: (Mesohaline) | D33: =CONCATENATE(B33, " ", C33) -> Little Choptank River (Mesohaline) | E33: 24 | F33: 69.487332 | H33: 907.5609 | J33: 400.49118 | L33: 175.27512 | N33: 68.573025 | P33: 168.94911 | R33: 74.157711 | T33: 344.86672 | V33: 381.56255 | X33: 132.89576 | Z33: 45.344685 | AB33: 850.55262 | AD33: 1308.1756 | AF33: 1525.2123 | AH33: 1603.3238 | AJ33: 1157.488 | AL33: 2378.2608 | AN33: 2904.9263 | AP33: 783.90705 | AR33: 1220.4763 | AT33: 259.4655 | AV33: 120.81208 | AX33: 141.14923 | AZ33: 80.459016 | BB33: 176.60952 | BD33: 170.85185 | BF33: 476.62577 | BH33: 114.31309 | BJ33: 49.347867 | BL33: 240.98167 | BN33: 847.83441 | BP33: 1836.6698 | BR33: 2448.3906 | BT33: 1081.9217 | BU33: pd | BV33: 1503.096 | BX33: 551.2777 | BZ33: 176.23885 | CB33: 377.36168 | CD33: 902.57572 | CF33: 156.56573 | CH33: =(CF33-CD33)/CD33 -> -0.82653452 | CI33: =CF33-CD33 -> -746.00999 | CJ33: =CF33/CK33 -> 0.038411611 | CK33: 4076 | CL33: Partial data for 2018
A34: SEVMH | B34: Severn River | C34: (Mesohaline) | D34: =CONCATENATE(B34, " ", C34) -> Severn River (Mesohaline) | E34: 25 | F34: 0 | H34: 0 | J34: 0.296532 | L34: 0 | N34: 0 | P34: 0 | R34: 0 | T34: 0 | V34: 0 | X34: 77.394852 | Z34: 125.95197 | AB34: 272.46349 | AD34: 306.09516 | AF34: 403.77774 | AH34: 454.95422 | AI34: pd | AJ34: 128.12653 | AL34: 119.89777 | AM34: pd | AN34: 282.02664 | AP34: 221.58354 | AR34: 388.03683 | AT34: 425.52342 | AV34: 410.8698 | AX34: 325.93809 | AZ34: 311.23505 | BB34: 211.00723 | BD34: 174.7809 | BF34: 192.17745 | BH34: 180.78568 | BJ34: 74.997885 | BL34: 143.44735 | BN34: 231.34438 | BP34: 310.98793 | BR34: 194.82152 | BT34: 223.65926 | BV34: 404.09898 | BX34: 294.85165 | BZ34: 226.40218 | CB34: 270.36305 | CD34: 325.90678 | CF34: 330.20641 | CH34: =(CF34-CD34)/CD34 -> 0.013192812 | CI34: =CF34-CD34 -> 4.299627 | CJ34: =CF34/CK34 -> 0.72572838 | CK34: 455 | CL34: Partial data for 1999, 2001
A35: SOUMH | B35: South River | C35: (Mesohaline) | D35: =CONCATENATE(B35, " ", C35) -> South River (Mesohaline) | E35: 26 | F35: 0 | H35: 0 | J35: 0 | L35: 0 | N35: 0 | P35: 0 | R35: 0 | T35: 0 | V35: 0 | X35: 4.176159 | Z35: 4.522113 | AB35: 21.523281 | AD35: 40.402485 | AF35: 54.3642 | AH35: 17.198856 | AJ35: 0 | AL35: 26.539614 | AM35: pd | AN35: 35.608551 | AP35: 13.615761 | AR35: 46.086015 | AT35: 10.180932 | AV35: 0 | AX35: 8.006364 | AZ35: 0 | BB35: 0 | BD35: 0 | BF35: 0 | BH35: 4.20087 | BJ35: 0 | BL35: 6.153039 | BN35: 9.933822 | BP35: 14.851311 | BR35: 0 | BT35: 0 | BV35: 18.014319 | BX35: 4.250292 | BZ35: 0 | CB35: 0.370665 | CD35: 1.284946 | CF35: 0.296526 | CH35: =(CF35-CD35)/CD35 -> -0.76923077 | CI35: =CF35-CD35 -> -0.98842 | CJ35: =CF35/CK35 -> 0.00061905219 | CK35: 479 | CL35: Partial data for 2001
A36: RHDMH | B36: Rhode River | C36: (Mesohaline) | D36: =CONCATENATE(B36, " ", C36) -> Rhode River (Mesohaline) | E36: 27 | F36: 0 | H36: 0 | J36: 0 | L36: 0 | N36: 0 | P36: 0 | R36: 0 | T36: 0 | V36: 0 | X36: 0 | Z36: 0 | AB36: 0 | AD36: 0 | AF36: 0 | AH36: 0 | AJ36: 0 | AL36: 0 | AN36: 0 | AP36: 0 | AR36: 0 | AT36: 0 | AV36: 0 | AX36: 0 | AZ36: 0 | BB36: 0 | BD36: 0 | BF36: 0 | BH36: 0 | BJ36: 0 | BL36: 0 | BN36: 0 | BP36: 0 | BR36: 0 | BT36: 0.963729 | BV36: 2.4711 | BX36: 0 | BZ36: 0 | CB36: 0 | CD36: 0 | CF36: 0 | CH36: 0 | CI36: =CF36-CD36 -> 0 | CJ36: =CF36/CK36 -> 0 | CK36: 60
A37: WSTMH | B37: West River | C37: (Mesohaline) | D37: =CONCATENATE(B37, " ", C37) -> West River (Mesohaline) | E37: 28 | F37: 0 | H37: 5.411709 | J37: 1.013151 | L37: 0 | N37: 0 | P37: 0 | R37: 0 | T37: 0 | V37: 0 | X37: 11.564748 | Z37: 0 | AB37: 0 | AD37: 0 | AF37: 7.932231 | AH37: 0 | AJ37: 0 | AL37: 0 | AN37: 0 | AP37: 23.030652 | AR37: 0 | AT37: 0 | AV37: 0 | AX37: 0 | AZ37: 0 | BB37: 0 | BD37: 0 | BF37: 0 | BH37: 0 | BJ37: 0 | BL37: 0 | BN37: 0 | BP37: 7.536855 | BR37: 0 | BT37: 0 | BV37: 0 | BX37: 0 | BZ37: 0 | CB37: 0 | CD37: 0 | CF37: 0 | CH37: 0 | CI37: =CF37-CD37 -> 0 | CJ37: =CF37/CK37 -> 0 | CK37: 238
A38: CB5MH | B38: Lower Central Chesapeake Bay | C38: (Mesohaline) | D38: =CONCATENATE(B38, " ", C38) -> Lower Central Chesapeake Bay (Mesohaline) | E38: 29 | F38: 13.368651 | G38: pd | H38: 934.12522 | J38: 600.50201 | L38: 1324.4849 | N38: 1352.2353 | P38: 1632.7793 | R38: 580.31312 | T38: 2195.2758 | V38: 1132.3816 | X38: 25.773573 | Z38: 0 | AB38: 3.780783 | AD38: 170.38234 | AF38: 4.991622 | AH38: 656.84309 | AJ38: 1377.7124 | AL38: 2156.7019 | AN38: 2136.9331 | AP38: 699.27188 | AR38: 397.35288 | AT38: 919.12564 | AV38: 573.19636 | AX38: 503.98084 | AZ38: 1133.9878 | BB38: 2280.0345 | BD38: 432.07183 | BF38: 701.29818 | BH38: 525.70181 | BJ38: 807.70375 | BL38: 2082.0747 | BN38: 2135.0551 | BP38: 2806.8484 | BR38: 3045.8779 | BT38: 2668.9857 | BV38: 901.87737 | BX38: 829.44943 | BZ38: 1209.4305 | CB38: 1346.4283 | CD38: 1405.1626 | CF38: 1326.3361 | CH38: =(CF38-CD38)/CD38 -> -0.056097775 | CI38: =CF38-CD38 -> -78.826495 | CJ38: =CF38/CK38 -> 0.16037921 | CK38: 8270 | CL38: Partial data for 1984
A39: HNGMH | B39: Honga River | C39: (Mesohaline) | D39: =CONCATENATE(B39, " ", C39) -> Honga River (Mesohaline) | E39: 30 | F39: 33.162162 | H39: 783.85763 | J39: 636.01172 | L39: 1585.8531 | N39: 2466.6026 | P39: 2885.9977 | R39: 3329.6837 | T39: 3792.0265 | V39: 4560.2668 | X39: 3438.3627 | Z39: 2213.2901 | AB39: 1539.4953 | AD39: 2200.5393 | AF39: 781.78191 | AH39: 1913.8422 | AJ39: 2824.9368 | AL39: 4949.2426 | AN39: 6322.853 | AP39: 2842.6299 | AR39: 3431.0235 | AT39: 4376.3181 | AV39: 2094.7268 | AX39: 1992.7445 | AZ39: 3964.6823 | BB39: 4922.1347 | BD39: 2174.8151 | BF39: 2592.5299 | BH39: 2403.8614 | BJ39: 2953.6811 | BL39: 5214.4411 | BN39: 6216.8675 | BP39: 7857.0107 | BR39: 7665.5993 | BT39: 6240.7383 | BU39: pd | BV39: 2567.9918 | BX39: 2335.3872 | BZ39: 2800.3247 | CB39: 3039.4036 | CD39: 3976.7596 | CF39: 4355.6704 | CH39: =(CF39-CD39)/CD39 -> 0.095281295 | CI39: =CF39-CD39 -> 378.91081 | CJ39: =CF39/CK39 -> 0.56122541 | CK39: 7761 | CL39: Partial data for 2018
A40: FSBMH | B40: Fishing Bay | C40: (Mesohaline) | D40: =CONCATENATE(B40, " ", C40) -> Fishing Bay (Mesohaline) | E40: 31 | F40: 0 | H40: 0 | J40: 0.197688 | L40: 5.041044 | N40: 21.869235 | P40: 13.368651 | R40: 1.48266 | T40: 33.656382 | V40: 38.722137 | X40: 63.952068 | Z40: 26.762013 | AB40: 0 | AD40: 0 | AF40: 0 | AH40: 4.991622 | AJ40: 6.326016 | AL40: 5.535264 | AN40: 108.80253 | AP40: 15.07371 | AR40: 16.704636 | AT40: 6.597837 | AV40: 12.997986 | AX40: 0 | AZ40: 22.165767 | BB40: 147.20343 | BD40: 138.48044 | BF40: 156.44534 | BH40: 64.619265 | BJ40: 122.71483 | BL40: 191.04074 | BN40: 284.1765 | BP40: 311.1362 | BR40: 366.34058 | BT40: 218.49466 | BV40: 12.701454 | BX40: 71.958432 | BZ40: 156.64303 | CB40: 103.02016 | CD40: 271.17303 | CF40: 45.714425 | CH40: =(CF40-CD40)/CD40 -> -0.83141972 | CI40: =CF40-CD40 -> -225.4586 | CJ40: =CF40/CK40 -> 0.23205292 | CK40: 197
A41: NANMH | B41: Lower Nanticoke River | C41: (Mesohaline) | D41: =CONCATENATE(B41, " ", C41) -> Lower Nanticoke River (Mesohaline) | E41: 32 | F41: 0 | H41: 0 | J41: 0 | L41: 0 | N41: 0 | P41: 0 | R41: 0 | T41: 0 | V41: 0 | X41: 0 | Z41: 0 | AB41: 0 | AD41: 0 | AF41: 0 | AH41: 0 | AJ41: 0 | AL41: 0 | AN41: 0 | AP41: 0 | AR41: 0 | AT41: 0 | AV41: 0 | AX41: 0 | AZ41: 0 | BB41: 0 | BD41: 0 | BF41: 0 | BH41: 0 | BJ41: 0 | BL41: 0 | BN41: 0 | BP41: 0 | BR41: 0.395376 | BT41: 0 | BV41: 0 | BX41: 0 | BZ41: 0 | CB41: 0 | CD41: 0 | CF41: 0 | CH41: 0 | CI41: =CF41-CD41 -> 0 | CJ41: =CF41/CK41 -> 0 | CK41: 3
A42: NANOH | B42: Middle Nanticoke River | C42: (Oligohaline) | D42: =CONCATENATE(B42, " ", C42) -> Middle Nanticoke River (Oligohaline) | E42: 33 | F42: 0 | H42: 0 | J42: 0 | L42: 0 | N42: 0 | P42: 0 | R42: 0 | T42: 0 | V42: 0 | X42: 0 | Z42: 0 | AB42: 0 | AD42: 0 | AF42: 0 | AH42: 0 | AJ42: 0 | AL42: 0 | AN42: 0 | AP42: 0 | AR42: 0 | AT42: 0 | AV42: 0 | AX42: 0 | AZ42: 0 | BB42: 0 | BD42: 0 | BF42: 0 | BH42: 0 | BJ42: 0 | BL42: 0 | BN42: 0 | BP42: 0 | BR42: 0 | BT42: 0 | BV42: 0 | BX42: 0 | BZ42: 0 | CB42: 0 | CD42: 0 | CF42: 0 | CH42: 0 | CI42: =CF42-CD42 -> 0 | CJ42: =CF42/CK42 -> 0 | CK42: 12
A43: NANTF | B43: Upper Nanticoke River | C43: (Tidal Fresh) | D43: =CONCATENATE(B43, " ", C43) -> Upper Nanticoke River (Tidal Fresh) | E43: 34 | F43: 0 | H43: 0 | J43: 0 | L43: 0 | N43: 0 | P43: 0 | R43: 0 | T43: 0 | V43: 0 | X43: 0 | Z43: 0 | AB43: 0 | AD43: 0 | AF43: 0 | AH43: 0 | AJ43: 0 | AL43: 0 | AN43: 0 | AP43: 0 | AR43: 0 | AT43: 0 | AV43: 0 | AX43: 0 | AZ43: 0 | BB43: 0 | BD43: 0 | BF43: 0 | BH43: 0 | BJ43: 0 | BL43: 0 | BN43: 0 | BP43: 0 | BR43: 0 | BT43: 0 | BV43: 0 | BX43: 0 | BZ43: 0 | CB43: 0 | CD43: 0 | CF43: 0 | CH43: 0 | CI43: =CF43-CD43 -> 0 | CK43: NGZ
A44: WICMH | B44: Wicomico River | C44: (Mesohaline) | D44: =CONCATENATE(B44, " ", C44) -> Wicomico River (Mesohaline) | E44: 35 | F44: 0 | H44: 0 | J44: 0 | L44: 0 | N44: 0 | P44: 0 | R44: 0 | T44: 0 | V44: 0 | X44: 0 | Z44: 0 | AB44: 0 | AD44: 0 | AF44: 0 | AH44: 0 | AJ44: 0 | AL44: 0 | AN44: 0 | AP44: 0 | AR44: 0 | AT44: 0 | AV44: 0 | AX44: 0 | AZ44: 0 | BB44: 0 | BD44: 0 | BF44: 0 | BH44: 0 | BJ44: 0 | BL44: 0 | BN44: 0 | BP44: 0 | BR44: 0 | BT44: 0 | BV44: 0 | BX44: 2.866476 | BZ44: 3.261852 | CB44: 3.731361 | CD44: 8.105044 | CF44: 0 | CH44: =(CF44-CD44)/CD44 -> -1 | CI44: =CF44-CD44 -> -8.105044 | CJ44: =CF44/CK44 -> 0 | CK44: 3
A45: TANMH1 | B45: Tangier Sound Segment 1 | C45: (Mesohaline) | D45: =CONCATENATE(B45, " ", C45) -> Tangier Sound Segment 1 (Mesohaline) | E45: 36.1 | F45: 3655.0287 | H45: 4728.9441 | J45: 6200.237 | L45: 5458.8576 | N45: 7220.233 | P45: 7585.4368 | R45: 8448.3697 | T45: 9128.0951 | V45: 8363.8086 | X45: 5525.9727 | Z45: 4430.2622 | AB45: 4140.3281 | AD45: 3187.5213 | AF45: 1771.2351 | AH45: 4662.8916 | AJ45: 6423.921 | AL45: 7359.776 | AN45: 8582.3527 | AP45: 4490.6312 | AR45: 4246.5112 | AT45: 5412.3515 | AV45: 4139.0184 | AX45: 4202.0314 | AZ45: 5074.132 | BB45: 7125.8122 | BD45: 7907.3964 | BF45: 6141.2519 | BH45: 6091.731 | BJ45: 8367.6388 | BL45: 10544.258 | BN45: 13802.601 | BP45: 14467.599 | BR45: 13679.095 | BT45: 16751.612 | BV45: 4314.9113 | BX45: 4756.6451 | BZ45: 4328.8483 | CB45: 6163.6647 | CD45: 7461.6814 | CF45: 6836.654 | CH45: =(CF45-CD45)/CD45 -> -0.083764952 | CI45: =CF45-CD45 -> -625.02739 | CJ45: =CF45/CK45 -> 0.27697825 | CK45: 24683
A46: TANMH2 | B46: Tangier Sound Segment 2 | C46: (Mesohaline) | D46: =CONCATENATE(B46, " ", C46) -> Tangier Sound Segment 2 (Mesohaline) | E46: 36.2 | F46: 0 | H46: 0 | J46: 0 | L46: 0 | N46: 0 | P46: 0 | R46: 0 | T46: 0 | V46: 0 | X46: 0 | Z46: 0 | AB46: 0 | AD46: 0 | AF46: 0 | AH46: 0 | AJ46: 0 | AL46: 0 | AN46: 4.818645 | AP46: 0 | AR46: 0 | AT46: 0 | AV46: 0.889596 | AX46: 0 | AZ46: 0 | BB46: 4.670379 | BD46: 4.645668 | BF46: 3.360696 | BH46: 3.95376 | BJ46: 3.187719 | BL46: 2.990031 | BN46: 3.311274 | BP46: 4.9422 | BR46: 5.757663 | BT46: 0 | BV46: 0 | BX46: 2.199279 | BZ46: 3.163008 | CB46: 3.681939 | CD46: 4.5220215 | CF46: 1.8038665 | CH46: =(CF46-CD46)/CD46 -> -0.6010929 | CI46: =CF46-CD46 -> -2.718155 | CJ46: =CF46/CK46 -> 0.024376574 | CK46: 74
A47: TANMH | B47: Tangier Sound | C47: (Mesohaline) | D47: =CONCATENATE(B47, " ", C47) -> Tangier Sound (Mesohaline) | E47: 36 | F47: =SUM(F45:F46) -> 3655.0287 | H47: =SUM(H45:H46) -> 4728.9441 | J47: =SUM(J45:J46) -> 6200.237 | L47: =SUM(L45:L46) -> 5458.8576 | N47: =SUM(N45:N46) -> 7220.233 | P47: =SUM(P45:P46) -> 7585.4368 | R47: =SUM(R45:R46) -> 8448.3697 | T47: =SUM(T45:T46) -> 9128.0951 | V47: =SUM(V45:V46) -> 8363.8086 | X47: =SUM(X45:X46) -> 5525.9727 | Z47: =SUM(Z45:Z46) -> 4430.2622 | AB47: =SUM(AB45:AB46) -> 4140.3281 | AD47: =SUM(AD45:AD46) -> 3187.5213 | AF47: =SUM(AF45:AF46) -> 1771.2351 | AH47: =SUM(AH45:AH46) -> 4662.8916 | AJ47: =SUM(AJ45:AJ46) -> 6423.921 | AL47: =SUM(AL45:AL46) -> 7359.776 | AN47: =SUM(AN45:AN46) -> 8587.1713 | AP47: =SUM(AP45:AP46) -> 4490.6312 | AR47: =SUM(AR45:AR46) -> 4246.5112 | AT47: =SUM(AT45:AT46) -> 5412.3515 | AV47: =SUM(AV45:AV46) -> 4139.908 | AX47: =SUM(AX45:AX46) -> 4202.0314 | AZ47: =SUM(AZ45:AZ46) -> 5074.132 | BB47: =SUM(BB45:BB46) -> 7130.4826 | BD47: =SUM(BD45:BD46) -> 7912.0421 | BF47: =SUM(BF45:BF46) -> 6144.6125 | BH47: =SUM(BH45:BH46) -> 6095.6848 | BJ47: =SUM(BJ45:BJ46) -> 8370.8265 | BL47: =SUM(BL45:BL46) -> 10547.248 | BN47: =SUM(BN45:BN46) -> 13805.912 | BP47: =SUM(BP45:BP46) -> 14472.541 | BR47: =SUM(BR45:BR46) -> 13684.853 | BT47: 16751.612 | BV47: =SUM(BV45:BV46) -> 4314.9113 | BX47: =SUM(BX45:BX46) -> 4758.8444 | BZ47: 4332.0113 | CB47: =SUM(CB45:CB46) -> 6167.3467 | CD47: =SUM(CD45:CD46) -> 7466.2034 | CF47: =SUM(CF45:CF46) -> 6838.4579 | CH47: =(CF47-CD47)/CD47 -> -0.08407828 | CI47: =CF47-CD47 -> -627.74554 | CJ47: =CF47/CK47 -> 0.27622321 | CK47: =SUM(CK45:CK46) -> 24757
A48: MANMH1 | B48: Manokin River Segment 1 | C48: (Mesohaline) | D48: =CONCATENATE(B48, " ", C48) -> Manokin River Segment 1 (Mesohaline) | E48: 37.1 | F48: 0 | H48: 179.10533 | J48: 345.11383 | L48: 344.27365 | N48: 217.06142 | P48: 254.47388 | R48: 282.74326 | T48: 354.87467 | V48: 387.32021 | X48: 165.24246 | Z48: 231.29496 | AB48: 19.867644 | AD48: 139.46888 | AF48: 34.620111 | AH48: 239.10364 | AJ48: 451.42055 | AL48: 403.6789 | AN48: 723.41452 | AP48: 234.63094 | AR48: 291.21913 | AT48: 409.88136 | AV48: 231.1714 | AX48: 285.26378 | AZ48: 414.9224 | BB48: 585.30475 | BD48: 871.16159 | BF48: 534.07884 | BH48: 583.20431 | BJ48: 777.5069 | BL48: 1098.7252 | BN48: 1194.3073 | BP48: 1402.9423 | BR48: 1798.7137 | BT48: 2007.9664 | BV48: 554.95964 | BX48: 655.75581 | BZ48: 491.57592 | CB48: 443.63658 | CD48: 412.19585 | CF48: 160.66767 | CH48: =(CF48-CD48)/CD48 -> -0.61021521 | CI48: =CF48-CD48 -> -251.52818 | CJ48: =CF48/CK48 -> 0.037416784 | CK48: 4294
A49: MANMH2 | B49: Manokin River Segment 2 | C49: (Mesohaline) | D49: =CONCATENATE(B49, " ", C49) -> Manokin River Segment 2 (Mesohaline) | E49: 37.2 | F49: 0 | H49: 0 | J49: 0 | L49: 0 | N49: 0 | P49: 0 | R49: 0 | T49: 0 | V49: 0 | X49: 0 | Z49: 0 | AB49: 0 | AD49: 0 | AF49: 0 | AH49: 0 | AJ49: 0 | AL49: 0 | AN49: 4.349136 | AP49: 0 | AR49: 0 | AT49: 0 | AV49: 0 | AX49: 0 | AZ49: 0 | BB49: 0 | BD49: 12.899142 | BF49: 6.573126 | BH49: 10.601019 | BJ49: 20.979639 | BL49: 40.501329 | BN49: 39.587022 | BP49: 106.67739 | BR49: 99.09111 | BT49: 46.036593 | BV49: 28.467072 | BX49: 42.156966 | BZ49: 12.404922 | CB49: 13.937004 | CD49: 45.195504 | CF49: 0 | CH49: =(CF49-CD49)/CD49 -> -1 | CI49: =CF49-CD49 -> -45.195504 | CJ49: =CF49/CK49 -> 0 | CK49: 59
A50: MANMH | B50: Manokin River | C50: (Mesohaline) | D50: =CONCATENATE(B50, " ", C50) -> Manokin River (Mesohaline) | E50: 37 | F50: =SUM(F48:F49) -> 0 | H50: =SUM(H48:H49) -> 179.10533 | J50: =SUM(J48:J49) -> 345.11383 | L50: =SUM(L48:L49) -> 344.27365 | N50: =SUM(N48:N49) -> 217.06142 | P50: =SUM(P48:P49) -> 254.47388 | R50: =SUM(R48:R49) -> 282.74326 | T50: =SUM(T48:T49) -> 354.87467 | V50: =SUM(V48:V49) -> 387.32021 | X50: =SUM(X48:X49) -> 165.24246 | Z50: =SUM(Z48:Z49) -> 231.29496 | AB50: =SUM(AB48:AB49) -> 19.867644 | AD50: =SUM(AD48:AD49) -> 139.46888 | AF50: =SUM(AF48:AF49) -> 34.620111 | AH50: =SUM(AH48:AH49) -> 239.10364 | AJ50: =SUM(AJ48:AJ49) -> 451.42055 | AL50: =SUM(AL48:AL49) -> 403.6789 | AN50: =SUM(AN48:AN49) -> 727.76366 | AP50: =SUM(AP48:AP49) -> 234.63094 | AR50: =SUM(AR48:AR49) -> 291.21913 | AT50: =SUM(AT48:AT49) -> 409.88136 | AV50: =SUM(AV48:AV49) -> 231.1714 | AX50: =SUM(AX48:AX49) -> 285.26378 | AZ50: =SUM(AZ48:AZ49) -> 414.9224 | BB50: =SUM(BB48:BB49) -> 585.30475 | BD50: =SUM(BD48:BD49) -> 884.06074 | BF50: =SUM(BF48:BF49) -> 540.65197 | BH50: =SUM(BH48:BH49) -> 593.80533 | BJ50: =SUM(BJ48:BJ49) -> 798.48654 | BL50: =SUM(BL48:BL49) -> 1139.2265 | BN50: =SUM(BN48:BN49) -> 1233.8944 | BP50: =SUM(BP48:BP49) -> 1509.6197 | BR50: =SUM(BR48:BR49) -> 1897.8048 | BT50: 2054.003 | BV50: =SUM(BV48:BV49) -> 583.42671 | BX50: =SUM(BX48:BX49) -> 697.91277 | BZ50: 503.98084 | CB50: =SUM(CB48:CB49) -> 457.57359 | CD50: =SUM(CD48:CD49) -> 457.39135 | CF50: =SUM(CF48:CF49) -> 160.66767 | CH50: =(CF50-CD50)/CD50 -> -0.64873042 | CI50: =CF50-CD50 -> -296.72368 | CJ50: =CF50/CK50 -> 0.036909642 | CK50: =SUM(CK48:CK49) -> 4353
A51: BIGMH1 | B51: Big Annemessex River Segment 1 | C51: (Mesohaline) | D51: =CONCATENATE(B51, " ", C51) -> Big Annemessex River Segment 1 (Mesohaline) | E51: 38.1 | F51: 0 | H51: 364.53667 | J51: 411.28988 | L51: 232.08571 | N51: 353.02135 | P51: 314.54632 | R51: 433.48036 | T51: 434.49351 | V51: 458.01838 | X51: 399.23092 | Z51: 443.41418 | AB51: 217.2344 | AD51: 353.98507 | AF51: 233.14828 | AH51: 452.58196 | AJ51: 588.96197 | AL51: 720.77045 | AN51: 780.2004 | AP51: 450.45682 | AR51: 549.05371 | AT51: 710.39183 | AV51: 511.36943 | AX51: 571.46659 | AZ51: 722.32724 | BB51: 849.36649 | BD51: 949.22364 | BF51: 671.42258 | BH51: 755.31643 | BJ51: 791.51804 | BL51: 966.10126 | BN51: 1209.8258 | BP51: 1526.0031 | BR51: 1492.149 | BT51: 1587.3605 | BV51: 736.33838 | BX51: 757.81224 | BZ51: 629.41388 | CB51: 582.31471 | CD51: 632.48996 | CF51: 427.29397 | CH51: =(CF51-CD51)/CD51 -> -0.32442569 | CI51: =CF51-CD51 -> -205.19599 | CJ51: =CF51/CK51 -> 0.211427 | CK51: 2021
A52: BIGMH2 | B52: Big Annemessex River Segment 2 | C52: (Mesohaline) | D52: =CONCATENATE(B52, " ", C52) -> Big Annemessex River Segment 2 (Mesohaline) | E52: 38.2 | F52: 0 | H52: 0 | J52: 0 | L52: 0 | N52: 0 | P52: 0 | R52: 0 | T52: 0 | V52: 0 | X52: 0 | Z52: 0.074133 | AB52: 0 | AD52: 0 | AF52: 0 | AH52: 0 | AJ52: 0 | AL52: 0 | AN52: 1.828614 | AP52: 0 | AR52: 0 | AT52: 0 | AV52: 0 | AX52: 0 | AZ52: 0 | BB52: 0 | BD52: 0 | BF52: 1.161417 | BH52: 3.904338 | BJ52: 2.545233 | BL52: 5.955351 | BN52: 10.526886 | BP52: 37.140633 | BR52: 34.002336 | BT52: 36.942945 | BV52: 24.538023 | BX52: 19.175736 | BZ52: 0.24711 | CB52: 0.172977 | CD52: 0.2223945 | CF52: 0 | CH52: =(CF52-CD52)/CD52 -> -1 | CI52: =CF52-CD52 -> -0.2223945 | CJ52: =CF52/CK52 -> 0 | CK52: 22
A53: BIGMH | B53: Big Annemessex River | C53: (Mesohaline) | D53: =CONCATENATE(B53, " ", C53) -> Big Annemessex River (Mesohaline) | E53: 38 | F53: =SUM(F51:F52) -> 0 | H53: =SUM(H51:H52) -> 364.53667 | J53: =SUM(J51:J52) -> 411.28988 | L53: =SUM(L51:L52) -> 232.08571 | N53: =SUM(N51:N52) -> 353.02135 | P53: =SUM(P51:P52) -> 314.54632 | R53: =SUM(R51:R52) -> 433.48036 | T53: =SUM(T51:T52) -> 434.49351 | V53: =SUM(V51:V52) -> 458.01838 | X53: =SUM(X51:X52) -> 399.23092 | Z53: =SUM(Z51:Z52) -> 443.48832 | AB53: =SUM(AB51:AB52) -> 217.2344 | AD53: =SUM(AD51:AD52) -> 353.98507 | AF53: =SUM(AF51:AF52) -> 233.14828 | AH53: =SUM(AH51:AH52) -> 452.58196 | AJ53: =SUM(AJ51:AJ52) -> 588.96197 | AL53: =SUM(AL51:AL52) -> 720.77045 | AN53: =SUM(AN51:AN52) -> 782.02902 | AP53: =SUM(AP51:AP52) -> 450.45682 | AR53: =SUM(AR51:AR52) -> 549.05371 | AT53: =SUM(AT51:AT52) -> 710.39183 | AV53: =SUM(AV51:AV52) -> 511.36943 | AX53: =SUM(AX51:AX52) -> 571.46659 | AZ53: =SUM(AZ51:AZ52) -> 722.32724 | BB53: =SUM(BB51:BB52) -> 849.36649 | BD53: =SUM(BD51:BD52) -> 949.22364 | BF53: =SUM(BF51:BF52) -> 672.584 | BH53: =SUM(BH51:BH52) -> 759.22076 | BJ53: =SUM(BJ51:BJ52) -> 794.06327 | BL53: =SUM(BL51:BL52) -> 972.05661 | BN53: =SUM(BN51:BN52) -> 1220.3527 | BP53: =SUM(BP51:BP52) -> 1563.1437 | BR53: =SUM(BR51:BR52) -> 1526.1514 | BT53: 1624.3035 | BV53: =SUM(BV51:BV52) -> 760.8764 | BX53: =SUM(BX51:BX52) -> 776.98797 | BZ53: 629.66099 | CB53: =SUM(CB51:CB52) -> 582.48769 | CD53: =SUM(CD51:CD52) -> 632.71235 | CF53: =SUM(CF51:CF52) -> 427.29397 | CH53: =(CF53-CD53)/CD53 -> -0.32466315 | CI53: =CF53-CD53 -> -205.41839 | CJ53: =CF53/CK53 -> 0.20915025 | CK53: =SUM(CK51:CK52) -> 2043
A54: POCMH | B54: Lower Pocomoke River | C54: (Mesohaline) | D54: =CONCATENATE(B54, " ", C54) -> Lower Pocomoke River (Mesohaline) | E54: 39 | F54: 90.170439 | H54: 26.638458 | J54: 65.335884 | L54: 55.154952 | N54: 95.335038 | P54: 59.281689 | R54: 57.922584 | T54: 70.080396 | V54: 68.350626 | X54: 50.731683 | Z54: 52.683852 | AB54: 37.684275 | AD54: 28.887159 | AF54: 10.032666 | AH54: 39.018669 | AJ54: 60.739638 | AL54: 58.515648 | AN54: 97.559028 | AP54: 58.243827 | AR54: 69.314355 | AT54: 69.43791 | AV54: 66.373746 | AX54: 35.855661 | AZ54: 80.211906 | BB54: 119.84835 | BD54: 151.45372 | BF54: 133.26642 | BH54: 163.26558 | BJ54: 181.52701 | BL54: 216.71547 | BN54: 199.7143 | BP54: 285.758 | BR54: 309.13461 | BT54: 366.98306 | BV54: 75.195573 | BX54: 20.905506 | BZ54: 39.068091 | CB54: 76.381701 | CD54: 178.68163 | CF54: 148.31242 | CH54: =(CF54-CD54)/CD54 -> -0.16996266 | CI54: =CF54-CD54 -> -30.369204 | CJ54: =CF54/CK54 -> 0.16911336 | CK54: 877
A55: POCOH | B55: Middle Pocomoke River | C55: (Oligohaline) | D55: =CONCATENATE(B55, " ", C55) -> Middle Pocomoke River (Oligohaline) | E55: 40 | F55: 0 | H55: 0 | J55: 0 | L55: 0 | N55: 0 | P55: 0 | R55: 0 | T55: 0 | V55: 0 | X55: 0 | Z55: 0 | AB55: 0 | AD55: 0 | AF55: 0 | AH55: 0 | AJ55: 0 | AL55: 0 | AN55: 0 | AP55: 0 | AR55: 0 | AT55: 0 | AV55: 0 | AX55: 0 | AZ55: 0 | BB55: 0 | BD55: 0 | BF55: 0 | BH55: 0 | BJ55: 0 | BL55: 0 | BN55: 0 | BP55: 0 | BR55: 0 | BT55: 0 | BV55: 0 | BX55: 0 | BZ55: 0 | CB55: 0 | CD55: 0 | CF55: 0 | CH55: 0 | CI55: =CF55-CD55 -> 0 | CK55: NGZ
A56: POCTF | B56: Upper Pocomoke River | C56: (Tidal Fresh) | D56: =CONCATENATE(B56, " ", C56) -> Upper Pocomoke River (Tidal Fresh) | E56: 41 | F56: 0 | H56: 0 | J56: 0 | L56: 0 | N56: 0 | P56: 0 | R56: 0 | T56: 0 | V56: 0 | X56: 0 | Z56: 0 | AB56: 0 | AD56: 0 | AF56: 0 | AH56: 0 | AJ56: 0 | AL56: 0 | AN56: 0 | AP56: 0 | AR56: 0 | AT56: 0 | AV56: 0 | AX56: 0 | AZ56: 0 | BB56: 0 | BD56: 0 | BF56: 0 | BH56: 0 | BJ56: 0 | BL56: 0 | BN56: 0 | BP56: 0 | BR56: 0 | BT56: 0 | BU56: nd | BV56: 0 | BX56: 0 | BZ56: 0 | CB56: 0 | CD56: 0 | CF56: 0 | CH56: 0 | CI56: =CF56-CD56 -> 0 | CK56: NGZ | CL56: No data for 2018
A57: PAXMH1 | B57: Lower Patuxent River Segment 1 | C57: (Mesohaline) | D57: =CONCATENATE(B57, " ", C57) -> Lower Patuxent River Segment 1 (Mesohaline) | E57: 42.1 | F57: 25.526463 | H57: 130.84474 | J57: 25.353486 | L57: 82.460607 | N57: 8.253474 | P57: 0 | R57: 0 | T57: 0 | V57: 2.446389 | X57: 0 | Z57: 0 | AB57: 0 | AD57: 2.520522 | AF57: 0 | AH57: 9.63729 | AJ57: 0 | AL57: 21.918657 | AN57: 137.98622 | AP57: 37.017078 | AR57: 41.638035 | AT57: 0 | AV57: 0 | AX57: 36.794679 | AZ57: 6.721392 | BB57: 39.636444 | BD57: 17.890764 | BF57: 21.572703 | BH57: 11.021106 | BJ57: 16.506948 | BL57: 7.808676 | BN57: 17.618943 | BP57: 31.259415 | BR57: 130.10341 | BT57: 34.274157 | BV57: 34.867221 | BX57: 20.979639 | BZ57: 40.229508 | CB57: 99.807729 | CD57: 17.668008 | CF57: 17.32206 | CH57: =(CF57-CD57)/CD57 -> -0.01958042 | CI57: =CF57-CD57 -> -0.345947 | CJ57: =CF57/CK57 -> 0.011872557 | CK57: 1459
A58: PAXMH2 | B58: Lower Patuxent River Segment 2 | C58: (Mesohaline) | D58: =CONCATENATE(B58, " ", C58) -> Lower Patuxent River Segment 2 (Mesohaline) | E58: 42.2 | F58: 0 | H58: 0 | J58: 17.470677 | L58: 6.820236 | N58: 0 | P58: 0 | R58: 0 | T58: 0 | V58: 0 | X58: 3.756072 | Z58: 0 | AB58: 0 | AD58: 0 | AF58: 0 | AH58: 0 | AJ58: 0 | AL58: 0 | AN58: 0 | AP58: 0 | AR58: 0 | AT58: 0 | AV58: 0 | AX58: 0 | AZ58: 0 | BB58: 0 | BD58: 0 | BF58: 0 | BG58: pd | BH58: 0 | BJ58: 0 | BL58: 0 | BN58: 0 | BP58: 0 | BR58: 0 | BT58: 0 | BV58: 0 | BX58: 0 | BZ58: 0 | CB58: 0 | CD58: 0 | CF58: 0 | CH58: 0 | CI58: =CF58-CD58 -> 0 | CJ58: =CF58/CK58 -> 0 | CK58: 172 | CL58: Partial data for 2011
A59: PAXMH3 | B59: Lower Patuxent River Segment 3 | C59: (Mesohaline) | D59: =CONCATENATE(B59, " ", C59) -> Lower Patuxent River Segment 3 (Mesohaline) | E59: 42.3 | F59: 0 | H59: 0 | J59: 0 | L59: 0 | N59: 0 | P59: 0 | R59: 0 | T59: 0 | V59: 0 | X59: 0 | Z59: 0 | AB59: 0 | AD59: 0 | AF59: 0 | AH59: 0 | AJ59: 0 | AL59: 0 | AN59: 0 | AP59: 0 | AR59: 0 | AT59: 0 | AV59: 0 | AX59: 0 | AZ59: 0 | BB59: 0 | BD59: 0 | BF59: 0 | BH59: 0 | BJ59: 0 | BL59: 0 | BN59: 0 | BP59: 0 | BR59: 0 | BT59: 0 | BV59: 0 | BX59: 0 | BZ59: 0 | CB59: 0 | CD59: 0 | CF59: 0 | CH59: 0 | CI59: =CF59-CD59 -> 0 | CK59: 0
A60: PAXMH4 | B60: Lower Patuxent River Segment 4 | C60: (Mesohaline) | D60: =CONCATENATE(B60, " ", C60) -> Lower Patuxent River Segment 4 (Mesohaline) | E60: 42.4 | F60: 0 | H60: 0 | J60: 0 | L60: 0 | N60: 0 | P60: 0 | R60: 0 | T60: 0 | V60: 0 | X60: 0 | Z60: 0 | AB60: 0 | AD60: 0 | AF60: 0 | AH60: 0 | AJ60: 0 | AL60: 0 | AN60: 0 | AP60: 0 | AR60: 0 | AT60: 0 | AV60: 0 | AX60: 0 | AZ60: 0 | BB60: 0 | BD60: 0 | BF60: 0 | BH60: 0 | BJ60: 0 | BL60: 0 | BN60: 0 | BP60: 0 | BR60: 0 | BT60: 0 | BV60: 0 | BX60: 0 | BZ60: 0 | CB60: 1.72977 | CD60: 0 | CF60: 0 | CH60: 0 | CI60: =CF60-CD60 -> 0 | CJ60: =CF60/CK60 -> 0 | CK60: 1
A61: PAXMH5 | B61: Lower Patuxent River Segment 5 | C61: (Mesohaline) | D61: =CONCATENATE(B61, " ", C61) -> Lower Patuxent River Segment 5 (Mesohaline) | E61: 42.5 | F61: 9.859689 | H61: 1.927458 | J61: 0 | L61: 1.037862 | N61: 0.123555 | P61: 0 | R61: 0 | T61: 0 | V61: 0 | X61: 0 | Z61: 0 | AB61: 0 | AD61: 0 | AF61: 0 | AH61: 0 | AJ61: 0 | AL61: 0 | AN61: 2.644077 | AP61: 0 | AR61: 0 | AT61: 0 | AV61: 0 | AX61: 0 | AZ61: 0 | BB61: 0 | BD61: 0 | BF61: 0 | BH61: 0 | BJ61: 0 | BL61: 0 | BN61: 0 | BP61: 0 | BR61: 0 | BT61: 0 | BV61: 0 | BX61: 0 | BZ61: 0 | CB61: 0 | CD61: 0 | CF61: 0 | CH61: 0 | CI61: =CF61-CD61 -> 0 | CJ61: =CF61/CK61 -> 0 | CK61: 2
A62: PAXMH6 | B62: Lower Patuxent River Segment 6 | C62: (Mesohaline) | D62: =CONCATENATE(B62, " ", C62) -> Lower Patuxent River Segment 6 (Mesohaline) | E62: 42.6 | F62: 0 | H62: 0 | J62: 0 | L62: 0 | N62: 0 | P62: 0 | R62: 0 | T62: 0 | V62: 0 | X62: 0 | Z62: 0 | AB62: 0 | AD62: 0 | AF62: 0 | AH62: 0 | AJ62: 0 | AL62: 0 | AN62: 0 | AP62: 0 | AR62: 0 | AT62: 0 | AV62: 0 | AX62: 0 | AZ62: 0 | BB62: 0 | BD62: 0 | BF62: 0 | BH62: 0 | BJ62: 0 | BL62: 0 | BN62: 0 | BP62: 0 | BR62: 0 | BT62: 0 | BV62: 0 | BX62: 0 | BZ62: 0 | CB62: 0 | CD62: 0 | CF62: 0 | CH62: 0 | CI62: =CF62-CD62 -> 0 | CK62: 0
A63: PAXMH | B63: Lower Patuxent River | C63: (Mesohaline) | D63: =CONCATENATE(B63, " ", C63) -> Lower Patuxent River (Mesohaline) | E63: 42 | F63: =SUM(F57:F62) -> 35.386152 | H63: =SUM(H57:H62) -> 132.7722 | J63: =SUM(J57:J62) -> 42.824163 | L63: =SUM(L57:L62) -> 90.318705 | N63: =SUM(N57:N62) -> 8.377029 | P63: =SUM(P57:P62) -> 0 | R63: =SUM(R57:R62) -> 0 | T63: =SUM(T57:T62) -> 0 | V63: =SUM(V57:V62) -> 2.446389 | X63: =SUM(X57:X62) -> 3.756072 | Z63: =SUM(Z57:Z62) -> 0 | AB63: =SUM(AB57:AB62) -> 0 | AD63: =SUM(AD57:AD62) -> 2.520522 | AF63: =SUM(AF57:AF62) -> 0 | AH63: =SUM(AH57:AH62) -> 9.63729 | AJ63: =SUM(AJ57:AJ62) -> 0 | AL63: =SUM(AL57:AL62) -> 21.918657 | AN63: =SUM(AN57:AN62) -> 140.6303 | AP63: =SUM(AP57:AP62) -> 37.017078 | AR63: =SUM(AR57:AR62) -> 41.638035 | AT63: =SUM(AT57:AT62) -> 0 | AV63: =SUM(AV57:AV62) -> 0 | AX63: =SUM(AX57:AX62) -> 36.794679 | AZ63: =SUM(AZ57:AZ62) -> 6.721392 | BB63: =SUM(BB57:BB62) -> 39.636444 | BD63: =SUM(BD57:BD62) -> 17.890764 | BF63: =SUM(BF57:BF62) -> 21.572703 | BG63: pd | BH63: =SUM(BH57:BH62) -> 11.021106 | BJ63: =SUM(BJ57:BJ62) -> 16.506948 | BL63: =SUM(BL57:BL62) -> 7.808676 | BN63: =SUM(BN57:BN62) -> 17.618943 | BP63: =SUM(BP57:BP62) -> 31.259415 | BR63: =SUM(BR57:BR62) -> 130.10341 | BT63: 34.274157 | BV63: =SUM(BV57:BV62) -> 34.867221 | BX63: =SUM(BX57:BX62) -> 20.979639 | BZ63: 40.229508 | CB63: =SUM(CB57:CB62) -> 101.5375 | CD63: =SUM(CD57:CD62) -> 17.668008 | CF63: =SUM(CF57:CF62) -> 17.32206 | CH63: =(CF63-CD63)/CD63 -> -0.01958042 | CI63: =CF63-CD63 -> -0.345947 | CJ63: =CF63/CK63 -> 0.010601016 | CK63: =SUM(CK57:CK62) -> 1634 | CL63: Partial data for 2011
A64: PAXOH | B64: Middle Patuxent River | C64: (Oligohaline) | D64: =CONCATENATE(B64, " ", C64) -> Middle Patuxent River (Oligohaline) | E64: 43 | F64: 0 | H64: 0 | J64: 0 | L64: 0 | N64: 0 | P64: 0 | R64: 0 | T64: 0 | V64: 0 | X64: 53.029806 | Z64: 73.960023 | AB64: 89.009022 | AD64: 99.041688 | AF64: 106.87507 | AH64: 0 | AI64: pd | AJ64: 115.4745 | AL64: 104.4534 | AN64: 21.029061 | AP64: 106.28201 | AR64: 105.5901 | AT64: 125.08708 | AV64: 71.192391 | AX64: 27.750453 | AZ64: 101.73519 | BB64: 91.999053 | BD64: 66.151347 | BF64: 0 | BG64: pd | BH64: 16.086861 | BJ64: 17.618943 | BL64: 38.252628 | BN64: 32.445543 | BP64: 0 | BR64: 0 | BT64: 1.48266 | BV64: 21.572703 | BX64: 9.241914 | BZ64: 0 | CB64: 0 | CD64: 0 | CF64: 0 | CH64: 0 | CI64: =CF64-CD64 -> 0 | CJ64: =CF64/CK64 -> 0 | CK64: 115 | CL64: Partial data for 1999, 2011
A65: PAXTF | B65: Upper Patuxent River | C65: (Tidal Fresh) | D65: =CONCATENATE(B65, " ", C65) -> Upper Patuxent River (Tidal Fresh) | E65: 44 | F65: 0 | H65: 13.937004 | J65: 0 | L65: 0 | N65: 0 | P65: 0 | R65: 0 | T65: 0 | V65: 21.696258 | X65: 132.7722 | Z65: 111.69372 | AB65: 157.97742 | AD65: 131.36368 | AF65: 151.47843 | AH65: 0 | AI65: nd | AJ65: 92.17203 | AL65: 205.20014 | AN65: 170.67888 | AP65: 216.98729 | AR65: 219.77963 | AT65: 324.40601 | AV65: 204.48352 | AX65: 116.16641 | AZ65: 131.66021 | BB65: 164.03162 | BD65: 147.94476 | BF65: 0 | BG65: nd | BH65: 29.949732 | BJ65: 14.752467 | BL65: 100.91972 | BN65: 94.39602 | BP65: 0 | BR65: 0 | BT65: 36.893523 | BV65: 101.66105 | BX65: 25.847706 | BZ65: 1.754481 | CB65: 1.878036 | CD65: 0 | CF65: 0 | CH65: 0 | CI65: =CF65-CD65 -> 0 | CJ65: =CF65/CK65 -> 0 | CK65: 205 | CL65: No data for 1999, 2011
A66: WBRTF | B66: Western Branch of the Patuxent River | C66: (Tidal Fresh) | D66: =CONCATENATE(B66, " ", C66) -> Western Branch of the Patuxent River (Tidal Fresh) | E66: 45 | F66: 0 | H66: 0 | J66: 0 | L66: 0 | N66: 0 | P66: 0 | R66: 0 | T66: 0 | V66: 0 | X66: 0 | Z66: 0 | AB66: 0 | AD66: 0 | AF66: 0 | AH66: 0 | AJ66: 0 | AL66: 0 | AN66: 0 | AP66: 0 | AR66: 0 | AT66: 0.148266 | AV66: 0.074133 | AX66: 0.024711 | AZ66: 0 | BB66: 0 | BD66: 1.260261 | BF66: 0 | BG66: nd | BH66: 0.543642 | BJ66: 1.23555 | BL66: 1.828614 | BN66: 0 | BP66: 0 | BR66: 0 | BT66: 1.457949 | BV66: 0.49422 | BX66: 0.420087 | BZ66: 0 | CB66: 0 | CD66: 0 | CF66: 0 | CH66: 0 | CI66: =CF66-CD66 -> 0 | CK66: 0 | CL66: No data for 2011
A67: POTMH | B67: Lower Potomac River | C67: (Mesohaline) | D67: =CONCATENATE(B67, " ", C67) -> Lower Potomac River (Mesohaline) | E67: 46 | F67: 92.938071 | G67: pd | H67: 123.50558 | J67: 86.587344 | L67: 107.07276 | N67: 193.16589 | P67: 210.16705 | R67: 274.61334 | T67: 220.76807 | V67: 244.58948 | X67: 444.67444 | Z67: 545.94012 | AB67: 825.54509 | AD67: 1346.9472 | AF67: 1145.6761 | AH67: 1808.8946 | AJ67: 915.59197 | AL67: 1501.045 | AN67: 2439.2475 | AP67: 2429.116 | AQ67: pd | AR67: 3062.1871 | AT67: 2892.8179 | AV67: 1663.0503 | AX67: 677.57562 | AZ67: 395.54898 | BB67: 335.89662 | BD67: 207.17702 | BF67: 364.61081 | BH67: 697.86335 | BJ67: 1112.2668 | BL67: 408.05274 | BN67: 619.75188 | BP67: 31.531236 | BQ67: pd | BR67: 747.13708 | BT67: 624.10102 | BU67: pd | BV67: 760.654 | BX67: 848.79814 | BZ67: 1190.7737 | CB67: 1429.8526 | CD67: 2041.0626 | CF67: 1862.974 | CH67: =(CF67-CD67)/CD67 -> -0.087252872 | CI67: =CF67-CD67 -> -178.08857 | CJ67: =CF67/CK67 -> 0.26283493 | CK67: 7088 | CL67: Partial data for 1984, 2003, 2016, 2018
A68: POTOH1 | B68: Middle Potomac River Segment 1 | C68: (Oligohaline) | D68: =CONCATENATE(B68, " ", C68) -> Middle Potomac River Segment 1 (Oligohaline) | E68: 47.1 | F68: 179.20417 | G68: pd | H68: 486.8067 | J68: 359.96514 | L68: 476.15626 | N68: 1525.0394 | P68: 1657.0949 | R68: 1722.9251 | T68: 1631.1237 | V68: 1725.8657 | X68: 1537.5678 | Z68: 1125.9567 | AB68: 983.47309 | AD68: 763.54519 | AF68: 1387.2261 | AH68: 935.26193 | AJ68: 1352.7296 | AL68: 892.53661 | AM68: pd | AN68: 803.18163 | AP68: 1082.7372 | AR68: 857.76823 | AT68: 1078.3139 | AV68: 865.3298 | AX68: 1106.8304 | AZ68: 1153.4848 | BB68: 1157.8586 | BD68: 1060.7938 | BF68: 727.04704 | BG68: pd | BH68: 544.77871 | BJ68: 430.91042 | BL68: 380.22816 | BN68: 429.0818 | BP68: 381.78495 | BR68: 215.82587 | BT68: 194.35201 | BU68: pd | BV68: 282.47144 | BX68: 363.32583 | BZ68: 285.5356 | CB68: 368.78696 | CD68: 147.00276 | CE68: pd | CF68: 154.06997 | CH68: =(CF68-CD68)/CD68 -> 0.048075307 | CI68: =CF68-CD68 -> 7.067203 | CJ68: =CF68/CK68 -> 0.11108145 | CK68: 1387 | CL68: Partial data for 1984, 2001, 2011, 2018, 2023
A69: POTOH2 | B69: Middle Potomac River Segment 2 | C69: (Oligohaline) | D69: =CONCATENATE(B69, " ", C69) -> Middle Potomac River Segment 2 (Oligohaline) | E69: 47.2 | F69: 246.26983 | H69: 216.51778 | J69: 235.12517 | L69: 266.06334 | N69: 252.66997 | P69: 214.59032 | R69: 246.02272 | T69: 179.10533 | V69: 182.24362 | X69: 170.48119 | Z69: 154.14722 | AB69: 191.31256 | AD69: 221.31172 | AF69: 262.43082 | AH69: 362.04086 | AJ69: 183.0838 | AL69: 117.77263 | AM69: pd | AN69: 6.696681 | AP69: 31.259415 | AR69: 142.58247 | AT69: 202.03714 | AV69: 180.85981 | AX69: 154.83913 | AZ69: 174.73148 | BB69: 155.75343 | BD69: 136.92365 | BF69: 84.808152 | BG69: pd | BH69: 186.71632 | BJ69: 152.66456 | BL69: 186.83987 | BN69: 286.35107 | BP69: 96.12579 | BR69: 0 | BT69: 0 | BU69: pd | BV69: 6.078906 | BX69: 0 | BZ69: 0 | CB69: 1.408527 | CD69: 0 | CF69: 0 | CH69: 0 | CI69: =CF69-CD69 -> 0 | CJ69: =CF69/CK69 -> 0 | CK69: 262 | CL69: Partial data for, 2001, 2011, 2018
A70: POTOH3 | B70: Middle Potomac River Segment 3 | C70: (Oligohaline) | D70: =CONCATENATE(B70, " ", C70) -> Middle Potomac River Segment 3 (Oligohaline) | E70: 47.3 | F70: 110.9771 | G70: pd | H70: 345.11383 | J70: 311.28447 | L70: 347.83204 | N70: 434.2464 | P70: 321.78664 | R70: 373.82801 | T70: 498.61856 | V70: 251.06376 | X70: 263.7405 | Z70: 287.61133 | AB70: 464.39382 | AD70: 975.49144 | AF70: 1153.0647 | AH70: 1233.9932 | AJ70: 804.51603 | AL70: 77.987916 | AM70: pd | AN70: 545.64359 | AP70: 546.75559 | AR70: 709.30454 | AT70: 930.14675 | AV70: 724.20528 | AX70: 97.311918 | AZ70: 105.78779 | BB70: 82.633584 | BD70: 82.114653 | BF70: 232.90117 | BG70: pd | BH70: 369.67656 | BJ70: 331.10269 | BL70: 371.92526 | BN70: 198.97297 | BP70: 234.77921 | BR70: 90.639948 | BT70: 139.64186 | BU70: pd | BV70: 259.86088 | BX70: 253.88081 | BZ70: 229.49106 | CB70: 245.62734 | CD70: 0 | CF70: 36.769224 | CH70: 0 | CI70: =CF70-CD70 -> 36.769224 | CJ70: =CF70/CK70 -> 0.031890047 | CK70: 1153 | CL70: Partial data for 1984, 2001, 2011, 2018
A71: POTOH | B71: Middle Potomac River | C71: (Oligohaline) | D71: =CONCATENATE(B71, " ", C71) -> Middle Potomac River (Oligohaline) | E71: 47 | F71: =SUM(F68:F70) -> 536.4511 | G71: pd | H71: =SUM(H68:H70) -> 1048.4383 | J71: =SUM(J68:J70) -> 906.37477 | L71: =SUM(L68:L70) -> 1090.0516 | N71: =SUM(N68:N70) -> 2211.9557 | P71: =SUM(P68:P70) -> 2193.4719 | R71: =SUM(R68:R70) -> 2342.7758 | T71: =SUM(T68:T70) -> 2308.8476 | V71: =SUM(V68:V70) -> 2159.173 | X71: =SUM(X68:X70) -> 1971.7895 | Z71: =SUM(Z68:Z70) -> 1567.7153 | AB71: =SUM(AB68:AB70) -> 1639.1795 | AD71: =SUM(AD68:AD70) -> 1960.3483 | AF71: =SUM(AF68:AF70) -> 2802.7216 | AH71: =SUM(AH68:AH70) -> 2531.296 | AJ71: =SUM(AJ68:AJ70) -> 2340.3294 | AL71: =SUM(AL68:AL70) -> 1088.2972 | AM71: pd | AN71: =SUM(AN68:AN70) -> 1355.5219 | AP71: =SUM(AP68:AP70) -> 1660.7522 | AR71: =SUM(AR68:AR70) -> 1709.6552 | AT71: =SUM(AT68:AT70) -> 2210.4978 | AV71: =SUM(AV68:AV70) -> 1770.3949 | AX71: =SUM(AX68:AX70) -> 1358.9814 | AZ71: =SUM(AZ68:AZ70) -> 1434.004 | BB71: =SUM(BB68:BB70) -> 1396.2456 | BD71: =SUM(BD68:BD70) -> 1279.8321 | BF71: =SUM(BF68:BF70) -> 1044.7564 | BG71: pd | BH71: =SUM(BH68:BH70) -> 1101.1716 | BJ71: =SUM(BJ68:BJ70) -> 914.67766 | BL71: =SUM(BL68:BL70) -> 938.99329 | BN71: =SUM(BN68:BN70) -> 914.40584 | BP71: =SUM(BP68:BP70) -> 712.68995 | BR71: =SUM(BR68:BR70) -> 306.46582 | BT71: 333.99388 | BV71: =SUM(BV68:BV70) -> 548.41122 | BX71: =SUM(BX68:BX70) -> 617.20665 | BZ71: 515.02666 | CB71: =SUM(CB68:CB70) -> 615.82283 | CD71: =SUM(CD68:CD70) -> 147.00276 | CF71: =SUM(CF68:CF70) -> 190.83919 | CH71: =(CF71-CD71)/CD71 -> 0.29820138 | CI71: =CF71-CD71 -> 43.836427 | CJ71: =CF71/CK71 -> 0.068108205 | CK71: =SUM(CK68:CK70) -> 2802 | CL71: Partial data for 1984, 2001, 2011, 2018
A72: POTTF | B72: Upper Potomac River | C72: (Tidal Fresh) | D72: =CONCATENATE(B72, " ", C72) -> Upper Potomac River (Tidal Fresh) | E72: 48 | F72: 924.78446 | H72: 1851.9165 | J72: 2185.4903 | L72: 2125.3931 | N72: 1594.3043 | P72: 1812.4283 | R72: 2143.3086 | T72: 1760.2387 | V72: 1655.6864 | X72: 1113.7248 | Z72: 482.70467 | AB72: 507.2427 | AD72: 446.05826 | AF72: 1325.7699 | AH72: 1561.6364 | AJ72: 1820.0393 | AL72: 861.25248 | AM72: pd | AN72: 1856.3397 | AP72: 858.04005 | AR72: 1211.6298 | AT72: 1967.2921 | AV72: 2013.5264 | AX72: 2746.0593 | AZ72: 3072.9611 | BB72: 2843.6677 | BD72: 1883.9914 | BF72: 468.07576 | BG72: pd | BH72: 867.3561 | BJ72: 1363.9978 | BL72: 1484.4639 | BN72: 1920.5389 | BP72: 983.91789 | BQ72: pd | BR72: 1974.2112 | BT72: 536.59937 | BU72: pd | BV72: 905.26277 | BX72: 1072.1609 | BZ72: 1174.4891 | CB72: 1120.6438 | CD72: 0 | CE72: pd | CF72: 1066 | CH72: 0 | CI72: =CF72-CD72 -> 1066 | CJ72: =CF72/CK72 -> 0.49766573 | CK72: 2142 | CL72: Partial data for 2001, 2011, 2016, 2018, 2023
A73: MATTF | B73: Mattawoman Creek | C73: (Tidal Fresh) | D73: =CONCATENATE(B73, " ", C73) -> Mattawoman Creek (Tidal Fresh) | E73: 49 | F73: 0 | H73: 0 | J73: 16.877613 | L73: 7.092057 | N73: 97.089519 | P73: 100.30195 | R73: 149.8475 | T73: 143.24967 | V73: 134.13131 | X73: 67.139787 | Z73: 28.022274 | AB73: 108.92609 | AD73: 124.24691 | AF73: 162.91962 | AH73: 209.94466 | AJ73: 330.73202 | AL73: 0 | AM73: pd | AN73: 792.63004 | AP73: 611.89378 | AR73: 600.57614 | AT73: 769.74765 | AV73: 814.00505 | AX73: 833.37847 | AZ73: 877.0181 | BB73: 865.74988 | BD73: 759.91267 | BF73: 704.38706 | BH73: 537.78549 | BJ73: 489.30251 | BL73: 479.51695 | BN73: 667.27113 | BP73: 686.64456 | BR73: 665.34367 | BT73: 482.92707 | BV73: 708.3161 | BX73: 769.92063 | BZ73: 842.47212 | CB73: 767.12828 | CD73: 775.68731 | CF73: 872.13239 | CH73: =(CF73-CD73)/CD73 -> 0.124335 | CI73: =CF73-CD73 -> 96.445081 | CJ73: =CF73/CK73 -> 1.1011773 | CK73: 792 | CL73: Partial data for 2001
A74: PISTF | B74: Piscataway Creek | C74: (Tidal Fresh) | D74: =CONCATENATE(B74, " ", C74) -> Piscataway Creek (Tidal Fresh) | E74: 50 | F74: 344.89143 | H74: 523.206 | J74: 761.766 | L74: 789.14579 | N74: 27.453921 | P74: 142.58247 | R74: 269.02866 | T74: 20.559552 | V74: 36.992367 | X74: 76.10988 | Z74: 81.571011 | AB74: 125.75428 | AD74: 304.56307 | AF74: 312.89068 | AH74: 125.55659 | AJ74: 319.31554 | AL74: 0 | AM74: nd | AN74: 631.63787 | AP74: 211.77327 | AR74: 506.64963 | AT74: 757.26859 | AV74: 732.23635 | AX74: 756.94735 | AZ74: 764.58305 | BB74: 274.04499 | BD74: 522.95889 | BF74: 0 | BG74: nd | BH74: 252.24989 | BJ74: 432.54134 | BL74: 474.97013 | BN74: 541.64041 | BP74: 0 | BQ74: nd | BR74: 346.99186 | BT74: 0 | BU74: nd | BV74: 36.893523 | BX74: 63.037761 | BZ74: 40.180086 | CB74: 29.109558 | CD74: 0 | CE74: pd | CF74: 161.28543 | CH74: 0 | CI74: =CF74-CD74 -> 161.28543 | CJ74: =CF74/CK74 -> 0.20441753 | CK74: 789 | CL74: No data for 2001, 2011, 2016, 2018, 2023
A75: ANATF | B75: Anacostia River | C75: (Tidal Fresh) | D75: =CONCATENATE(B75, " ", C75) -> Anacostia River (Tidal Fresh) | E75: 50.5 | F75: 0 | H75: 0 | J75: 0 | L75: 0 | N75: 0 | P75: 0 | R75: 0 | T75: 0 | V75: 0 | X75: 0 | Z75: 0 | AB75: 0 | AD75: 0 | AF75: 0 | AH75: 0 | AJ75: 0 | AL75: 0 | AN75: 0 | AP75: 0 | AR75: 0 | AT75: 0 | AV75: 0 | AX75: 0 | AZ75: 0 | BB75: 0 | BD75: 0 | BF75: 0 | BG75: nd | BH75: 0 | BJ75: 0 | BL75: 0 | BN75: 0 | BP75: 0 | BR75: 0 | BT75: 0 | BU75: nd | BV75: 0 | BX75: 0 | BZ75: 0 | CB75: 0 | CD75: 0 | CF75: 0 | CH75: 0 | CI75: =CF75-CD75 -> 0 | CK75: 0 | CL75: No data for 2001, 2011, 2016, 2018
B76: Maryland Submerged Aquatic Vegetation (SAV) Abundance | D76: =CONCATENATE(B76, " ", C76) -> Maryland Submerged Aquatic Vegetation (SAV) Abundance | F76: =SUM(F4,F5,F8,F9,F10,F11,F14,F15,F18,F19:F34,F35:F44,F47,F50,F53,F54:F56,F63,F64:F67,F71,F72,F73,F74,F75) -> 13697.06 | G76: pd | H76: =SUM(H4,H5,H8,H9,H10,H11,H14,H15,H18,H19:H34,H35:H44,H47,H50,H53,H54:H56,H63,H64:H67,H71,H72,H73,H74,H75) -> 23994.282 | J76: =SUM(J4,J5,J8,J9,J10,J11,J14,J15,J18,J19:J34,J35:J44,J47,J50,J53,J54:J56,J63,J64:J67,J71,J72,J73,J74,J75) -> 20836.809 | K76: pd | L76: =SUM(L4,L5,L8,L9,L10,L11,L14,L15,L18,L19:L34,L35:L44,L47,L50,L53,L54:L56,L63,L64:L67,L71,L72,L73,L74,L75) -> 23609.655 | N76: =SUM(N4,N5,N8,N9,N10,N11,N14,N15,N18,N19:N34,N35:N44,N47,N50,N53,N54:N56,N63,N64:N67,N71,N72,N73,N74,N75) -> 26127.336 | P76: =SUM(P4,P5,P8,P9,P10,P11,P14,P15,P18,P19:P34,P35:P44,P47,P50,P53,P54:P56,P63,P64:P67,P71,P72,P73,P74,P75) -> 24452.992 | R76: =SUM(R4,R5,R8,R9,R10,R11,R14,R15,R18,R19:R34,R35:R44,R47,R50,R53,R54:R56,R63,R64:R67,R71,R72,R73,R74,R75) -> 24095.968 | T76: =SUM(T4,T5,T8,T9,T10,T11,T14,T15,T18,T19:T34,T35:T44,T47,T50,T53,T54:T56,T63,T64:T67,T71,T72,T73,T74,T75) -> 30740.36 | V76: =SUM(V4,V5,V8,V9,V10,V11,V14,V15,V18,V19:V34,V35:V44,V47,V50,V53,V54:V56,V63,V64:V67,V71,V72,V73,V74,V75) -> 32366.665 | X76: =SUM(X4,X5,X8,X9,X10,X11,X14,X15,X18,X19:X34,X35:X44,X47,X50,X53,X54:X56,X63,X64:X67,X71,X72,X73,X74,X75) -> 29301.118 | Z76: =SUM(Z4,Z5,Z8,Z9,Z10,Z11,Z14,Z15,Z18,Z19:Z34,Z35:Z44,Z47,Z50,Z53,Z54:Z56,Z63,Z64:Z67,Z71,Z72,Z73,Z74,Z75) -> 25665.067 | AB76: =SUM(AB4,AB5,AB8,AB9,AB10,AB11,AB14,AB15,AB18,AB19:AB34,AB35:AB44,AB47,AB50,AB53,AB54:AB56,AB63,AB64:AB67,AB71,AB72,AB73,AB74,AB75) -> 28660.46 | AD76: =SUM(AD4,AD5,AD8,AD9,AD10,AD11,AD14,AD15,AD18,AD19:AD34,AD35:AD44,AD47,AD50,AD53,AD54:AD56,AD63,AD64:AD67,AD71,AD72,AD73,AD74,AD75) -> 34642.895 | AF76: =SUM(AF4,AF5,AF8,AF9,AF10,AF11,AF14,AF15,AF18,AF19:AF34,AF35:AF44,AF47,AF50,AF53,AF54:AF56,AF63,AF64:AF67,AF71,AF72,AF73,AF74,AF75) -> 30471.258 | AH76: =SUM(AH4,AH5,AH8,AH9,AH10,AH11,AH14,AH15,AH18,AH19:AH34,AH35:AH44,AH47,AH50,AH53,AH54:AH56,AH63,AH64:AH67,AH71,AH72,AH73,AH74,AH75) -> 33832.67 | AI76: pd | AJ76: =SUM(AJ4,AJ5,AJ8,AJ9,AJ10,AJ11,AJ14,AJ15,AJ18,AJ19:AJ34,AJ35:AJ44,AJ47,AJ50,AJ53,AJ54:AJ56,AJ63,AJ64:AJ67,AJ71,AJ72,AJ73,AJ74,AJ75) -> 35456.109 | AL76: =SUM(AL4,AL5,AL8,AL9,AL10,AL11,AL14,AL15,AL18,AL19:AL34,AL35:AL44,AL47,AL50,AL53,AL54:AL56,AL63,AL64:AL67,AL71,AL72,AL73,AL74,AL75) -> 42328.386 | AM76: pd | AN76: =SUM(AN4,AN5,AN8,AN9,AN10,AN11,AN14,AN15,AN18,AN19:AN34,AN35:AN44,AN47,AN50,AN53,AN54:AN56,AN63,AN64:AN67,AN71,AN72,AN73,AN74,AN75) -> 52347.165 | AP76: =SUM(AP4,AP5,AP8,AP9,AP10,AP11,AP14,AP15,AP18,AP19:AP34,AP35:AP44,AP47,AP50,AP53,AP54:AP56,AP63,AP64:AP67,AP71,AP72,AP73,AP74,AP75) -> 31010.674 | AQ76: pd | AR76: =SUM(AR4,AR5,AR8,AR9,AR10,AR11,AR14,AR15,AR18,AR19:AR34,AR35:AR44,AR47,AR50,AR53,AR54:AR56,AR63,AR64:AR67,AR71,AR72,AR73,AR74,AR75) -> 44610.002 | AT76: =SUM(AT4,AT5,AT8,AT9,AT10,AT11,AT14,AT15,AT18,AT19:AT34,AT35:AT44,AT47,AT50,AT53,AT54:AT56,AT63,AT64:AT67,AT71,AT72,AT73,AT74,AT75) -> 44171.11 | AV76: =SUM(AV4,AV5,AV8,AV9,AV10,AV11,AV14,AV15,AV18,AV19:AV34,AV35:AV44,AV47,AV50,AV53,AV54:AV56,AV63,AV64:AV67,AV71,AV72,AV73,AV74,AV75) -> 32571.001 | AX76: =SUM(AX4,AX5,AX8,AX9,AX10,AX11,AX14,AX15,AX18,AX19:AX34,AX35:AX44,AX47,AX50,AX53,AX54:AX56,AX63,AX64:AX67,AX71,AX72,AX73,AX74,AX75) -> 34878.983 | AZ76: =SUM(AZ4,AZ5,AZ8,AZ9,AZ10,AZ11,AZ14,AZ15,AZ18,AZ19:AZ34,AZ35:AZ44,AZ47,AZ50,AZ53,AZ54:AZ56,AZ63,AZ64:AZ67,AZ71,AZ72,AZ73,AZ74,AZ75) -> 42092.149 | BB76: =SUM(BB4,BB5,BB8,BB9,BB10,BB11,BB14,BB15,BB18,BB19:BB34,BB35:BB44,BB47,BB50,BB53,BB54:BB56,BB63,BB64:BB67,BB71,BB72,BB73,BB74,BB75) -> 47152.912 | BD76: =SUM(BD4,BD5,BD8,BD9,BD10,BD11,BD14,BD15,BD18,BD19:BD34,BD35:BD44,BD47,BD50,BD53,BD54:BD56,BD63,BD64:BD67,BD71,BD72,BD73,BD74,BD75) -> 40053.343 | BF76: =SUM(BF4,BF5,BF8,BF9,BF10,BF11,BF14,BF15,BF18,BF19:BF34,BF35:BF44,BF47,BF50,BF53,BF54:BF56,BF63,BF64:BF67,BF71,BF72,BF73,BF74,BF75) -> 32072.679 | BG76: pd | BH76: =SUM(BH4,BH5,BH8,BH9,BH10,BH11,BH14,BH15,BH18,BH19:BH34,BH35:BH44,BH47,BH50,BH53,BH54:BH56,BH63,BH64:BH67,BH71,BH72,BH73,BH74,BH75) -> 24508.913 | BJ76: =SUM(BJ4,BJ5,BJ8,BJ9,BJ10,BJ11,BJ14,BJ15,BJ18,BJ19:BJ34,BJ35:BJ44,BJ47,BJ50,BJ53,BJ54:BJ56,BJ63,BJ64:BJ67,BJ71,BJ72,BJ73,BJ74,BJ75) -> 28814.855 | BL76: =SUM(BL4,BL5,BL8,BL9,BL10,BL11,BL14,BL15,BL18,BL19:BL34,BL35:BL44,BL47,BL50,BL53,BL54:BL56,BL63,BL64:BL67,BL71,BL72,BL73,BL74,BL75) -> 39399.91 | BN76: =SUM(BN4,BN5,BN8,BN9,BN10,BN11,BN14,BN15,BN18,BN19:BN34,BN35:BN44,BN47,BN50,BN53,BN54:BN56,BN63,BN64:BN67,BN71,BN72,BN73,BN74,BN75) -> 53783.22 | BP76: =SUM(BP4,BP5,BP8,BP9,BP10,BP11,BP14,BP15,BP18,BP19:BP34,BP35:BP44,BP47,BP50,BP53,BP54:BP56,BP63,BP64:BP67,BP71,BP72,BP73,BP74,BP75) -> 59276.969 | BQ76: pd | BR76: =SUM(BR2:BR3,BR5:BR7,BR9:BR13,BR15:BR17,BR19:BR46,BR48:BR49,BR51:BR52,BR54:BR62,BR64:BR70,BR72:BR75) -> 62355.737 | BT76: =SUM(BT2:BT3,BT5:BT7,BT9:BT13,BT15:BT17,BT19:BT46,BT48:BT49,BT51:BT52,BT54:BT62,BT64:BT70,BT72:BT75) -> 56993.994 | BU76: pd | BV76: 39264.222 | BX76: =SUM(BX4,BX5,BX8,BX9,BX10,BX11,BX14,BX15,BX18,BX19:BX44,BX47,BX50,BX53,BX54:BX56,BX63,BX64:BX67,BX71,BX72:BX75) -> 35266.477 | BZ76: =SUM(BZ4,BZ5,BZ8,BZ9,BZ10,BZ11,BZ14,BZ15,BZ18,BZ19:BZ44,BZ47,BZ50,BZ53,BZ54:BZ56,BZ63,BZ64:BZ67,BZ71,BZ72:BZ75) -> 35193.802 | CB76: =SUM(CB4,CB5,CB8,CB9,CB10,CB11,CB14,CB15,CB18,CB19:CB44,CB47,CB50,CB53,CB54:CB56,CB63,CB64:CB67,CB71,CB72:CB75) -> 37737.947 | CD76: =SUM(CD2,CD3,CD5,CD6,CD7,CD9,CD10,CD11,CD12,CD13,CD15,CD16,CD17,CD19:CD46,CD48:CD49,CD51:CD52,CD54:CD62,CD64:CD70,CD72:CD75) -> 38188.373 | CF76: =SUM(CF2,CF3,CF5,CF6,CF7,CF9,CF10,CF11,CF12,CF13,CF15,CF16,CF17,CF19:CF46,CF48:CF49,CF51:CF52,CF54:CF62,CF64:CF70,CF72:CF75) -> 36799.586 | CH76: =(CF76-CD76)/CD76 -> -0.036366742 | CI76: =CF76-CD76 -> -1388.7867 | CJ76: =CF76/CK76 -> 0.32261944 | CK76: 114065 | CL76: Partial data for 1984, 1986, 1999, 2001, 2003, 2011, 2016, 2018

Sheet create graphs here!
A1: 17 | B1: ="Data for " & A3 -> Data for GUNOH | AQ1: copy formulas over
A2: CBPSEG | B2: Segment_Name | C2: 1984 | D2: 1985 | E2: 1986 | F2: 1987 | G2: 1989 | H2: 1990 | I2: 1991 | J2: 1992 | K2: 1993 | L2: 1994 | M2: 1995 | N2: 1996 | O2: 1997 | P2: 1998 | Q2: 1999 | R2: 2000 | S2: 2001 | T2: 2002 | U2: 2003 | V2: 2004 | W2: 2005 | X2: 2006 | Y2: 2007 | Z2: 2008 | AA2: 2009 | AB2: 2010 | AC2: 2011 | AD2: 2012 | AE2: 2013 | AF2: 2014 | AG2: 2015 | AH2: 2016 | AI2: 2017 | AJ2: 2018 | AK2: 2019 | AL2: 2020 | AM2: 2021 | AN2: 2022 | AO2: 2023 | AP2: 2024
A3: =INDEX('data for graphs'!A2:A76,$A$1) -> GUNOH | B3: =INDEX('data for graphs'!D2:D76,$A$1) -> Gunpowder River (Oligohaline) | C3: =INDEX('data for graphs'!F2:F76,$A$1) -> 0 | D3: =INDEX('data for graphs'!H2:H76,$A$1) -> 117.92089 | E3: =INDEX('data for graphs'!J2:J76,$A$1) -> 0 | F3: =INDEX('data for graphs'!L2:L76,$A$1) -> 88.317114 | G3: =INDEX('data for graphs'!N2:N76,$A$1) -> 60.665505 | H3: =INDEX('data for graphs'!P2:P76,$A$1) -> 213.84899 | I3: =INDEX('data for graphs'!R2:R76,$A$1) -> 201.76531 | J3: =INDEX('data for graphs'!T2:T76,$A$1) -> 311.55629 | K3: =INDEX('data for graphs'!V2:V76,$A$1) -> 115.15326 | L3: =INDEX('data for graphs'!X2:X76,$A$1) -> 220.54567 | M3: =INDEX('data for graphs'!Z2:Z76,$A$1) -> 168.65257 | N3: =INDEX('data for graphs'!AB2:AB76,$A$1) -> 918.90325 | O3: =INDEX('data for graphs'!AD2:AD76,$A$1) -> 1575.0297 | P3: =INDEX('data for graphs'!AF2:AF76,$A$1) -> 2151.6362 | Q3: =INDEX('data for graphs'!AH2:AH76,$A$1) -> 307.75079 | R3: =INDEX('data for graphs'!AJ2:AJ76,$A$1) -> 2433.0451 | S3: =INDEX('data for graphs'!AL2:AL76,$A$1) -> 0 | T3: =INDEX('data for graphs'!AN2:AN76,$A$1) -> 463.08414 | U3: =INDEX('data for graphs'!AP2:AP76,$A$1) -> 489.15425 | V3: =INDEX('data for graphs'!AR2:AR76,$A$1) -> 2391.0364 | W3: =INDEX('data for graphs'!AT2:AT76,$A$1) -> 1733.0319 | X3: =INDEX('data for graphs'!AV2:AV76,$A$1) -> 842.81808 | Y3: =INDEX('data for graphs'!AX2:AX76,$A$1) -> 1464.621 | Z3: =INDEX('data for graphs'!AZ2:AZ76,$A$1) -> 1719.2925 | AA3: =INDEX('data for graphs'!BB2:BB76,$A$1) -> 1887.6733 | AB3: =INDEX('data for graphs'!BD2:BD76,$A$1) -> 1729.9677 | AC3: =INDEX('data for graphs'!BF2:BF76,$A$1) -> 1386.0647 | AD3: =INDEX('data for graphs'!BH2:BH76,$A$1) -> 770.66196 | AE3: =INDEX('data for graphs'!BJ2:BJ76,$A$1) -> 799.07961 | AF3: =INDEX('data for graphs'!BL2:BL76,$A$1) -> 916.50628 | AG3: =INDEX('data for graphs'!BN2:BN76,$A$1) -> 1236.4149 | AH3: =INDEX('data for graphs'!BP2:BP76,$A$1) -> 920.28706 | AI3: =INDEX('data for graphs'!BR2:BR76,$A$1) -> 1219.3149 | AJ3: =INDEX('data for graphs'!BT2:BT76,$A$1) -> 1514.0924 | AK3: =INDEX('data for graphs'!BV2:BV76,$A$1) -> 2038.6575 | AL3: =INDEX('data for graphs'!BX2:BX76,$A$1) -> 2137.4274 | AM3: =INDEX('data for graphs'!BZ2:BZ76,$A$1) -> 2164.0905 | AN3: =INDEX('data for graphs'!CB2:CB76,$A$1) -> 1285.9604 | AO3: =INDEX('data for graphs'!CD2:CD76,$A$1) -> 207.29638 | AP3: =INDEX('data for graphs'!CF2:CF76,$A$1) -> 466.48859
A4: =INDEX('data for graphs'!A2:A76,$A$1) -> GUNOH | B4: Restoration Goal | C4: =INDEX('data for graphs'!$CK$2:$CK$76,$A$1) -> 2432 | D4: =INDEX('data for graphs'!$CK$2:$CK$76,$A$1) -> 2432 | E4: =INDEX('data for graphs'!$CK$2:$CK$76,$A$1) -> 2432 | F4: =INDEX('data for graphs'!$CK$2:$CK$76,$A$1) -> 2432 | G4: =INDEX('data for graphs'!$CK$2:$CK$76,$A$1) -> 2432 | H4: =INDEX('data for graphs'!$CK$2:$CK$76,$A$1) -> 2432 | I4: =INDEX('data for graphs'!$CK$2:$CK$76,$A$1) -> 2432 | J4: =INDEX('data for graphs'!$CK$2:$CK$76,$A$1) -> 2432 | ... AP4: =INDEX('data for graphs'!$CK$2:$CK$76,$A$1) -> 2432
A5: =INDEX('data for graphs'!A2:A76,$A$1) -> GUNOH | B5: =INDEX('data for graphs'!CL2:CL76&" ",$A$1) -> Partial data for 1984, 1986, 1999; No data for 2001
A6: =INDEX('data for graphs'!A3:A77,$A$1) -> MIDOH | B6: 2017 Target | C6: 57000 | D6: 57000 | E6: 57000 | F6: 57000 | G6: 57000 | H6: 57000 | I6: 57000 | J6: 57000 | K6: 57000 | L6: 57000 | M6: 57000 | N6: 57000 | O6: 57000 | P6: 57000 | Q6: 57000 | R6: 57000 | S6: 57000 | T6: 57000 | U6: 57000 | V6: 57000 | W6: 57000 | X6: 57000 | Y6: 57000 | Z6: 57000 | AA6: 57000 | AB6: 57000 | AC6: 57000 | AD6: 57000 | AE6: 57000 | AF6: 57000 | AG6: 57000 | AH6: 57000 | AI6: 57000 | AJ6: 57000 | AK6: 57000 | AL6: 57000 | AM6: 57000 | AN6: 57000 | AO6: 57000 | AP6: 57000
A7: =INDEX('data for graphs'!A4:A78,$A$1) -> BACOH | B7: 2025 Target | C7: 79800 | D7: 79800 | E7: 79800 | F7: 79800 | G7: 79800 | H7: 79800 | I7: 79800 | J7: 79800 | K7: 79800 | L7: 79800 | M7: 79800 | N7: 79800 | O7: 79800 | P7: 79800 | Q7: 79800 | R7: 79800 | S7: 79800 | T7: 79800 | U7: 79800 | V7: 79800 | W7: 79800 | X7: 79800 | Y7: 79800 | Z7: 79800 | AA7: 79800 | AB7: 79800 | AC7: 79800 | AD7: 79800 | AE7: 79800 | AF7: 79800 | AG7: 79800 | AH7: 79800 | AI7: 79800 | AJ7: 79800 | AK7: 79800 | AL7: 79800 | AM7: 79800 | AN7: 79800 | AO7: 79800 | AP7: 79800
B11: select a segment from the drop down above to create a graph in the graph tab
B12: make sure data from most recent year has been copied to this sheet
B13: may need to change decimal places from 0 to 2 on some graph y axis
B14: may need to format x axis to update new years on graph tab
